family,dtype,sectors,k,dual,storage,operation,baseline_median_ns,baseline_median_ns_min,baseline_median_ns_max,baseline_alloc_calls,baseline_alloc_calls_min,baseline_alloc_calls_max,baseline_alloc_bytes,baseline_alloc_bytes_min,baseline_alloc_bytes_max,candidate_median_ns,candidate_median_ns_min,candidate_median_ns_max,candidate_alloc_calls,candidate_alloc_calls_min,candidate_alloc_calls_max,candidate_alloc_bytes,candidate_alloc_bytes_min,candidate_alloc_bytes_max,speedup
U1,f32,1,8,false,diagonal,qr_compact,3764,3712,3793,32,32,32,11844,11844,11844,197,172,208,9,9,9,588,588,588,19.106598984771573
U1,f32,1,8,false,diagonal,qr_full,3864,3845,3945,37,37,37,12372,12372,12372,197,175,204,9,9,9,588,588,588,19.614213197969544
U1,f32,1,8,false,diagonal,lq_compact,3747,3693,3783,28,28,28,11780,11780,11780,200,191,204,9,9,9,588,588,588,18.735
U1,f32,1,8,false,diagonal,lq_full,3922,3822,3964,40,40,40,13140,13140,13140,200,193,204,9,9,9,588,588,588,19.61
U1,f32,1,8,false,dense,qr_compact,3691,3643,3739,30,30,30,11512,11512,11512,3756,3731,3818,30,30,30,11512,11512,11512,0.9826943556975506
U1,f32,1,8,false,dense,qr_full,3779,3750,3825,35,35,35,12040,12040,12040,3743,3645,3762,35,35,35,12040,12040,12040,1.0096179535132246
U1,f32,1,8,false,dense,lq_compact,3637,3633,3687,26,26,26,11448,11448,11448,3666,3631,3712,26,26,26,11448,11448,11448,0.992089470812875
U1,f32,1,8,false,dense,lq_full,3791,3770,3833,38,38,38,12808,12808,12808,3854,3745,3908,38,38,38,12808,12808,12808,0.9836533471717696
U1,f32,4,8,true,diagonal,qr_compact,13960,13893,14214,103,103,103,51688,51688,51688,372,364,400,15,15,15,1040,1040,1040,37.526881720430104
U1,f32,4,8,true,diagonal,qr_full,13520,13439,13708,103,103,103,45696,45696,45696,375,366,395,15,15,15,1040,1040,1040,36.053333333333335
U1,f32,4,8,true,diagonal,lq_compact,14231,14185,14470,100,100,100,50776,50776,50776,370,360,397,15,15,15,1040,1040,1040,38.462162162162166
U1,f32,4,8,true,diagonal,lq_full,13585,13531,13770,115,115,115,48768,48768,48768,370,364,395,15,15,15,1040,1040,1040,36.71621621621622
U1,f32,4,8,true,dense,qr_compact,13700,13652,13897,101,101,101,50520,50520,50520,13910,13791,14122,101,101,101,50520,50520,50520,0.9849029475197699
U1,f32,4,8,true,dense,qr_full,13470,13329,13802,101,101,101,44528,44528,44528,13060,12820,13310,101,101,101,44528,44528,44528,1.0313935681470139
U1,f32,4,8,true,dense,lq_compact,14210,14077,14347,98,98,98,49608,49608,49608,14158,14010,14331,98,98,98,49608,49608,49608,1.0036728351462072
U1,f32,4,8,true,dense,lq_full,13597,13495,13889,113,113,113,47600,47600,47600,13422,13360,13745,113,113,113,47600,47600,47600,1.0130382953360155
U1,f32,1,64,false,diagonal,qr_compact,47789,47437,48175,67,67,67,155978,155978,155978,281,272,293,9,9,9,1036,1036,1036,170.067615658363
U1,f32,1,64,false,diagonal,qr_full,48920,48668,49377,72,72,72,188762,188762,188762,277,272,293,9,9,9,1036,1036,1036,176.60649819494586
U1,f32,1,64,false,diagonal,lq_compact,51089,50710,51208,63,63,63,204298,204298,204298,283,277,295,9,9,9,1036,1036,1036,180.52650176678446
U1,f32,1,64,false,diagonal,lq_full,54014,53012,54162,75,75,75,237914,237914,237914,283,275,297,9,9,9,1036,1036,1036,190.86219081272085
U1,f32,1,64,false,dense,qr_compact,47218,46983,48277,65,65,65,139518,139518,139518,47537,46783,47818,65,65,65,139518,139518,139518,0.9932894377011591
U1,f32,1,64,false,dense,qr_full,49033,48629,49283,70,70,70,172302,172302,172302,48060,47750,48433,70,70,70,172302,172302,172302,1.0202455264253016
U1,f32,1,64,false,dense,lq_compact,50339,50193,50741,61,61,61,187838,187838,187838,50795,50091,51664,61,61,61,187838,187838,187838,0.9910227384585097
U1,f32,1,64,false,dense,lq_full,53802,52527,54604,73,73,73,221454,221454,221454,52543,52058,52979,73,73,73,221454,221454,221454,1.0239613269131949
U1,f32,4,64,true,diagonal,qr_compact,190625,189987,191868,243,243,243,757248,757248,757248,731,704,777,15,15,15,2832,2832,2832,260.7729138166895
U1,f32,4,64,true,diagonal,qr_full,196260,195187,198145,243,243,243,880280,880280,880280,716,706,777,15,15,15,2832,2832,2832,274.10614525139664
U1,f32,4,64,true,diagonal,lq_compact,202510,200916,204016,240,240,240,772464,772464,772464,720,708,781,15,15,15,2832,2832,2832,281.2638888888889
U1,f32,4,64,true,diagonal,lq_full,216956,214268,218989,255,255,255,1076888,1076888,1076888,720,710,781,15,15,15,2832,2832,2832,301.3277777777778
U1,f32,4,64,true,dense,qr_compact,190295,189089,191881,241,241,241,691568,691568,691568,189045,188506,189625,241,241,241,691568,691568,691568,1.0066121822846412
U1,f32,4,64,true,dense,qr_full,195543,194652,196883,241,241,241,814600,814600,814600,194587,192922,197118,241,241,241,814600,814600,814600,1.0049129695200605
U1,f32,4,64,true,dense,lq_compact,201456,200741,203077,238,238,238,706784,706784,706784,199652,198464,200845,238,238,238,706784,706784,706784,1.0090357221565525
U1,f32,4,64,true,dense,lq_full,212437,210687,216089,253,253,253,1011208,1011208,1011208,209547,208379,213383,253,253,253,1011208,1011208,1011208,1.0137916553326938
SU2,f32,1,8,false,diagonal,qr_compact,3856,3829,3900,32,32,32,11844,11844,11844,193,191,204,9,9,9,588,588,588,19.979274611398964
SU2,f32,1,8,false,diagonal,qr_full,3947,3918,4014,37,37,37,12372,12372,12372,193,191,200,9,9,9,588,588,588,20.45077720207254
SU2,f32,1,8,false,diagonal,lq_compact,3808,3797,3829,28,28,28,11780,11780,11780,197,195,256,9,9,9,588,588,588,19.32994923857868
SU2,f32,1,8,false,diagonal,lq_full,3943,3925,3960,40,40,40,13140,13140,13140,200,195,202,9,9,9,588,588,588,19.715
SU2,f32,1,8,false,dense,qr_compact,3750,3718,3772,30,30,30,11512,11512,11512,3783,3752,3839,30,30,30,11512,11512,11512,0.9912767644726408
SU2,f32,1,8,false,dense,qr_full,3845,3820,3902,35,35,35,12040,12040,12040,3764,3720,3800,35,35,35,12040,12040,12040,1.021519659936238
SU2,f32,1,8,false,dense,lq_compact,3702,3683,3750,26,26,26,11448,11448,11448,3714,3670,3737,26,26,26,11448,11448,11448,0.9967689822294022
SU2,f32,1,8,false,dense,lq_full,3866,3837,3885,38,38,38,12808,12808,12808,3931,3879,3968,38,38,38,12808,12808,12808,0.9834647672348003
SU2,f32,4,8,true,diagonal,qr_compact,14025,13922,14354,103,103,103,51688,51688,51688,364,356,370,15,15,15,1040,1040,1040,38.53021978021978
SU2,f32,4,8,true,diagonal,qr_full,13625,13393,13914,103,103,103,45696,45696,45696,364,354,375,15,15,15,1040,1040,1040,37.43131868131868
SU2,f32,4,8,true,diagonal,lq_compact,14268,14250,14510,100,100,100,50776,50776,50776,364,356,366,15,15,15,1040,1040,1040,39.1978021978022
SU2,f32,4,8,true,diagonal,lq_full,13570,13454,13806,115,115,115,48768,48768,48768,366,360,368,15,15,15,1040,1040,1040,37.076502732240435
SU2,f32,4,8,true,dense,qr_compact,13877,13681,14291,101,101,101,50520,50520,50520,13841,13620,14279,101,101,101,50520,50520,50520,1.0026009681381403
SU2,f32,4,8,true,dense,qr_full,13364,13260,13597,101,101,101,44528,44528,44528,13037,12879,13214,101,101,101,44528,44528,44528,1.0250824576206183
SU2,f32,4,8,true,dense,lq_compact,14287,14087,14487,98,98,98,49608,49608,49608,14385,14006,14977,98,98,98,49608,49608,49608,0.9931873479318735
SU2,f32,4,8,true,dense,lq_full,13468,13297,13527,113,113,113,47600,47600,47600,13489,13320,13679,113,113,113,47600,47600,47600,0.9984431759211209
SU2,f32,1,64,false,diagonal,qr_compact,47741,47147,48095,67,67,67,155978,155978,155978,277,275,293,9,9,9,1036,1036,1036,172.35018050541515
SU2,f32,1,64,false,diagonal,qr_full,49268,48385,49422,72,72,72,188762,188762,188762,279,275,291,9,9,9,1036,1036,1036,176.58781362007167
SU2,f32,1,64,false,diagonal,lq_compact,51260,50556,51362,63,63,63,204298,204298,204298,285,281,293,9,9,9,1036,1036,1036,179.859649122807
SU2,f32,1,64,false,diagonal,lq_full,53129,52935,54914,75,75,75,237914,237914,237914,279,277,293,9,9,9,1036,1036,1036,190.42652329749103
SU2,f32,1,64,false,dense,qr_compact,47222,46802,48352,65,65,65,139518,139518,139518,47029,46743,47906,65,65,65,139518,139518,139518,1.0041038508154543
SU2,f32,1,64,false,dense,qr_full,48847,48483,49443,70,70,70,172302,172302,172302,48112,47789,48422,70,70,70,172302,172302,172302,1.0152768540073163
SU2,f32,1,64,false,dense,lq_compact,50916,50677,51304,61,61,61,187838,187838,187838,50591,49943,51508,61,61,61,187838,187838,187838,1.0064240675218912
SU2,f32,1,64,false,dense,lq_full,53545,52585,54435,73,73,73,221454,221454,221454,52512,52043,53070,73,73,73,221454,221454,221454,1.01967169408897
SU2,f32,4,64,true,diagonal,qr_compact,190487,189591,190608,243,243,243,757248,757248,757248,714,704,781,15,15,15,2832,2832,2832,266.78851540616245
SU2,f32,4,64,true,diagonal,qr_full,196029,194647,198093,243,243,243,880280,880280,880280,714,704,775,15,15,15,2832,2832,2832,274.5504201680672
SU2,f32,4,64,true,diagonal,lq_compact,201822,201618,204260,240,240,240,772464,772464,772464,720,710,779,15,15,15,2832,2832,2832,280.30833333333334
SU2,f32,4,64,true,diagonal,lq_full,216660,211097,219379,255,255,255,1076888,1076888,1076888,712,710,781,15,15,15,2832,2832,2832,304.2977528089888
SU2,f32,4,64,true,dense,qr_compact,190568,189252,193270,241,241,241,691568,691568,691568,188766,187320,189783,241,241,241,691568,691568,691568,1.009546210652342
SU2,f32,4,64,true,dense,qr_full,195543,194191,197533,241,241,241,814600,814600,814600,193866,192745,195404,241,241,241,814600,814600,814600,1.0086503048497415
SU2,f32,4,64,true,dense,lq_compact,200983,200779,204310,238,238,238,706784,706784,706784,200054,199227,201385,238,238,238,706784,706784,706784,1.0046437461885291
SU2,f32,4,64,true,dense,lq_full,215668,210043,216045,253,253,253,1011208,1011208,1011208,211852,209783,214843,253,253,253,1011208,1011208,1011208,1.0180125748163813
U1xF,f32,1,8,false,diagonal,qr_compact,3864,3797,3941,32,32,32,11844,11844,11844,193,191,197,9,9,9,588,588,588,20.020725388601036
U1xF,f32,1,8,false,diagonal,qr_full,3989,3904,4085,37,37,37,12372,12372,12372,193,191,197,9,9,9,588,588,588,20.66839378238342
U1xF,f32,1,8,false,diagonal,lq_compact,3791,3750,3845,28,28,28,11780,11780,11780,197,193,202,9,9,9,588,588,588,19.243654822335024
U1xF,f32,1,8,false,diagonal,lq_full,3987,3935,4068,40,40,40,13140,13140,13140,197,193,197,9,9,9,588,588,588,20.238578680203045
U1xF,f32,1,8,false,dense,qr_compact,3793,3731,3872,30,30,30,11512,11512,11512,3802,3793,3889,30,30,30,11512,11512,11512,0.9976328248290374
U1xF,f32,1,8,false,dense,qr_full,3950,3843,3995,35,35,35,12040,12040,12040,3833,3814,3908,35,35,35,12040,12040,12040,1.0305243934255153
U1xF,f32,1,8,false,dense,lq_compact,3731,3672,3787,26,26,26,11448,11448,11448,3777,3747,3812,26,26,26,11448,11448,11448,0.9878210219751126
U1xF,f32,1,8,false,dense,lq_full,3929,3875,3993,38,38,38,12808,12808,12808,3935,3918,3995,38,38,38,12808,12808,12808,0.9984752223634054
U1xF,f32,4,8,true,diagonal,qr_compact,14116,14002,14383,103,103,103,51688,51688,51688,370,358,372,15,15,15,1040,1040,1040,38.15135135135135
U1xF,f32,4,8,true,diagonal,qr_full,13860,13845,14022,103,103,103,45696,45696,45696,368,362,370,15,15,15,1040,1040,1040,37.66304347826087
U1xF,f32,4,8,true,diagonal,lq_compact,14427,14350,14797,100,100,100,50776,50776,50776,372,366,375,15,15,15,1040,1040,1040,38.78225806451613
U1xF,f32,4,8,true,diagonal,lq_full,13922,13816,13952,115,115,115,48768,48768,48768,372,362,379,15,15,15,1040,1040,1040,37.424731182795696
U1xF,f32,4,8,true,dense,qr_compact,14045,13975,14400,101,101,101,50520,50520,50520,14070,13985,14100,101,101,101,50520,50520,50520,0.998223169864961
U1xF,f32,4,8,true,dense,qr_full,13879,13781,14275,101,101,101,44528,44528,44528,13414,13352,13633,101,101,101,44528,44528,44528,1.0346652750857313
U1xF,f32,4,8,true,dense,lq_compact,14470,14372,14629,98,98,98,49608,49608,49608,14593,14318,14962,98,98,98,49608,49608,49608,0.9915713013088467
U1xF,f32,4,8,true,dense,lq_full,14139,13862,14168,113,113,113,47600,47600,47600,13789,13677,13916,113,113,113,47600,47600,47600,1.0253825513090145
U1xF,f32,1,64,false,diagonal,qr_compact,48331,47241,48660,67,67,67,155978,155978,155978,291,277,310,9,9,9,1036,1036,1036,166.08591065292097
U1xF,f32,1,64,false,diagonal,qr_full,49125,48860,49439,72,72,72,188762,188762,188762,291,275,308,9,9,9,1036,1036,1036,168.81443298969072
U1xF,f32,1,64,false,diagonal,lq_compact,51191,50610,51941,63,63,63,204298,204298,204298,295,279,312,9,9,9,1036,1036,1036,173.52881355932203
U1xF,f32,1,64,false,diagonal,lq_full,53554,52914,54679,75,75,75,237914,237914,237914,295,279,310,9,9,9,1036,1036,1036,181.53898305084746
U1xF,f32,1,64,false,dense,qr_compact,47589,46918,48418,65,65,65,139518,139518,139518,47227,46741,47881,65,65,65,139518,139518,139518,1.007665106824486
U1xF,f32,1,64,false,dense,qr_full,49122,48420,49575,70,70,70,172302,172302,172302,48691,48056,48929,70,70,70,172302,172302,172302,1.0088517385143045
U1xF,f32,1,64,false,dense,lq_compact,50987,50693,51979,61,61,61,187838,187838,187838,50627,49850,51162,61,61,61,187838,187838,187838,1.0071108301894247
U1xF,f32,1,64,false,dense,lq_full,53485,52895,54464,73,73,73,221454,221454,221454,52629,52175,53627,73,73,73,221454,221454,221454,1.0162647969750518
U1xF,f32,4,64,true,diagonal,qr_compact,191012,190495,192631,243,243,243,757248,757248,757248,779,768,783,15,15,15,2832,2832,2832,245.201540436457
U1xF,f32,4,64,true,diagonal,qr_full,196389,195989,199014,243,243,243,880280,880280,880280,781,770,789,15,15,15,2832,2832,2832,251.4583866837388
U1xF,f32,4,64,true,diagonal,lq_compact,202410,201733,205060,240,240,240,772464,772464,772464,783,770,795,15,15,15,2832,2832,2832,258.5057471264368
U1xF,f32,4,64,true,diagonal,lq_full,212262,211645,216510,255,255,255,1076888,1076888,1076888,783,766,797,15,15,15,2832,2832,2832,271.088122605364
U1xF,f32,4,64,true,dense,qr_compact,190281,189295,193833,241,241,241,691568,691568,691568,189616,188822,190695,241,241,241,691568,691568,691568,1.0035070880094508
U1xF,f32,4,64,true,dense,qr_full,195960,194787,197635,241,241,241,814600,814600,814600,193510,192625,194822,241,241,241,814600,814600,814600,1.012660844400806
U1xF,f32,4,64,true,dense,lq_compact,202085,200289,204293,238,238,238,706784,706784,706784,199995,199514,201527,238,238,238,706784,706784,706784,1.0104502612565314
U1xF,f32,4,64,true,dense,lq_full,216600,211033,218493,253,253,253,1011208,1011208,1011208,212902,209137,214747,253,253,253,1011208,1011208,1011208,1.0173694939455713
U1,f64,1,8,false,diagonal,qr_compact,3829,3795,3987,32,32,32,12612,12612,12612,193,189,193,9,9,9,652,652,652,19.83937823834197
U1,f64,1,8,false,diagonal,qr_full,3960,3891,4029,37,37,37,13652,13652,13652,195,189,197,9,9,9,652,652,652,20.307692307692307
U1,f64,1,8,false,diagonal,lq_compact,3806,3783,3866,28,28,28,13316,13316,13316,195,193,200,9,9,9,652,652,652,19.51794871794872
U1,f64,1,8,false,diagonal,lq_full,3997,3933,4093,40,40,40,15188,15188,15188,195,193,200,9,9,9,652,652,652,20.497435897435896
U1,f64,1,8,false,dense,qr_compact,3670,3647,3747,30,30,30,12024,12024,12024,3783,3658,3875,30,30,30,12024,12024,12024,0.9701295268305578
U1,f64,1,8,false,dense,qr_full,3877,3825,3947,35,35,35,13064,13064,13064,3758,3712,3858,35,35,35,13064,13064,13064,1.0316657796700373
U1,f64,1,8,false,dense,lq_compact,3702,3670,3747,26,26,26,12728,12728,12728,3725,3679,3839,26,26,26,12728,12728,12728,0.9938255033557047
U1,f64,1,8,false,dense,lq_full,3906,3854,3985,38,38,38,14600,14600,14600,3966,3877,4000,38,38,38,14600,14600,14600,0.9848714069591528
U1,f64,4,8,true,diagonal,qr_compact,13835,13764,14156,103,103,103,56808,56808,56808,379,370,391,15,15,15,1296,1296,1296,36.50395778364116
U1,f64,4,8,true,diagonal,qr_full,13475,13429,13827,103,103,103,52864,52864,52864,375,372,383,15,15,15,1296,1296,1296,35.93333333333333
U1,f64,4,8,true,diagonal,lq_compact,14050,13822,14216,100,100,100,56152,56152,56152,381,379,385,15,15,15,1296,1296,1296,36.876640419947506
U1,f64,4,8,true,diagonal,lq_full,13652,13591,14208,115,115,115,59008,59008,59008,381,375,383,15,15,15,1296,1296,1296,35.83202099737533
U1,f64,4,8,true,dense,qr_compact,13587,13422,13956,101,101,101,54616,54616,54616,13637,13541,13979,101,101,101,54616,54616,54616,0.9963335044364596
U1,f64,4,8,true,dense,qr_full,13245,13193,13614,101,101,101,50672,50672,50672,12866,12793,13052,101,101,101,50672,50672,50672,1.0294574848437743
U1,f64,4,8,true,dense,lq_compact,13981,13737,14191,98,98,98,53960,53960,53960,13810,13668,14043,98,98,98,53960,53960,53960,1.0123823316437364
U1,f64,4,8,true,dense,lq_full,13591,13439,13829,113,113,113,56816,56816,56816,13704,13525,13787,113,113,113,56816,56816,56816,0.9917542323409223
U1,f64,1,64,false,diagonal,qr_compact,62879,62566,65525,69,69,69,258122,258122,258122,339,333,339,9,9,9,1548,1548,1548,185.48377581120943
U1,f64,1,64,false,diagonal,qr_full,64079,62458,65675,74,74,74,323674,323674,323674,337,327,341,9,9,9,1548,1548,1548,190.1454005934718
U1,f64,1,64,false,diagonal,lq_compact,66472,65108,68662,65,65,65,355594,355594,355594,335,327,350,9,9,9,1548,1548,1548,198.42388059701491
U1,f64,1,64,false,diagonal,lq_full,71216,70387,73335,77,77,77,421978,421978,421978,337,329,347,9,9,9,1548,1548,1548,211.32344213649853
U1,f64,1,64,false,dense,qr_compact,62739,62175,63506,67,67,67,225278,225278,225278,62358,59962,62495,67,67,67,225278,225278,225278,1.0061098816511114
U1,f64,1,64,false,dense,qr_full,65218,63800,65762,72,72,72,290830,290830,290830,63866,61847,63922,72,72,72,290830,290830,290830,1.0211693232705978
U1,f64,1,64,false,dense,lq_compact,65462,64543,66856,63,63,63,322750,322750,322750,64772,63850,65622,63,63,63,322750,322750,322750,1.0106527511887853
U1,f64,1,64,false,dense,lq_full,71662,70616,72214,75,75,75,389134,389134,389134,70570,69295,71081,75,75,75,389134,389134,389134,1.015473997449341
U1,f64,4,64,true,diagonal,qr_compact,253570,251583,256589,251,251,251,1296896,1296896,1296896,975,945,985,15,15,15,4880,4880,4880,260.07179487179485
U1,f64,4,64,true,diagonal,qr_full,266431,263129,267789,251,251,251,1551000,1551000,1551000,975,950,983,15,15,15,4880,4880,4880,273.2625641025641
U1,f64,4,64,true,diagonal,lq_compact,265795,265391,270031,248,248,248,1328496,1328496,1328496,972,941,983,15,15,15,4880,4880,4880,273.451646090535
U1,f64,4,64,true,diagonal,lq_full,287875,283147,288845,263,263,263,1944216,1944216,1944216,972,931,985,15,15,15,4880,4880,4880,296.167695473251
U1,f64,4,64,true,dense,qr_compact,253262,249979,257254,249,249,249,1165680,1165680,1165680,251454,248645,252143,249,249,249,1165680,1165680,1165680,1.0071901819020577
U1,f64,4,64,true,dense,qr_full,264683,263118,268768,249,249,249,1419784,1419784,1419784,262870,259364,263708,249,249,249,1419784,1419784,1419784,1.0068969452581125
U1,f64,4,64,true,dense,lq_compact,266064,264460,268454,246,246,246,1197280,1197280,1197280,261160,260583,263512,246,246,246,1197280,1197280,1197280,1.0187777607596875
U1,f64,4,64,true,dense,lq_full,287752,286206,296377,261,261,261,1813000,1813000,1813000,284043,281985,288379,261,261,261,1813000,1813000,1813000,1.0130578820812342
SU2,f64,1,8,false,diagonal,qr_compact,3941,3816,3987,32,32,32,12612,12612,12612,195,193,195,9,9,9,652,652,652,20.21025641025641
SU2,f64,1,8,false,diagonal,qr_full,4056,4050,4137,37,37,37,13652,13652,13652,197,195,247,9,9,9,652,652,652,20.588832487309645
SU2,f64,1,8,false,diagonal,lq_compact,3950,3872,4197,28,28,28,13316,13316,13316,200,197,204,9,9,9,652,652,652,19.75
SU2,f64,1,8,false,diagonal,lq_full,4135,4085,4304,40,40,40,15188,15188,15188,200,197,200,9,9,9,652,652,652,20.675
SU2,f64,1,8,false,dense,qr_compact,3850,3752,3858,30,30,30,12024,12024,12024,3827,3779,3912,30,30,30,12024,12024,12024,1.0060099294486542
SU2,f64,1,8,false,dense,qr_full,3956,3947,4002,35,35,35,13064,13064,13064,3797,3750,3862,35,35,35,13064,13064,13064,1.0418751646036344
SU2,f64,1,8,false,dense,lq_compact,3822,3783,3843,26,26,26,12728,12728,12728,3764,3710,3837,26,26,26,12728,12728,12728,1.0154091392136027
SU2,f64,1,8,false,dense,lq_full,4008,3991,4066,38,38,38,14600,14600,14600,3972,3910,4064,38,38,38,14600,14600,14600,1.0090634441087614
SU2,f64,4,8,true,diagonal,qr_compact,13914,13793,14187,103,103,103,56808,56808,56808,372,366,375,15,15,15,1296,1296,1296,37.403225806451616
SU2,f64,4,8,true,diagonal,qr_full,13681,13622,13843,103,103,103,52864,52864,52864,368,366,377,15,15,15,1296,1296,1296,37.17663043478261
SU2,f64,4,8,true,diagonal,lq_compact,13956,13858,14287,100,100,100,56152,56152,56152,375,366,379,15,15,15,1296,1296,1296,37.216
SU2,f64,4,8,true,diagonal,lq_full,13893,13825,13956,115,115,115,59008,59008,59008,372,372,381,15,15,15,1296,1296,1296,37.346774193548384
SU2,f64,4,8,true,dense,qr_compact,14012,13577,14143,101,101,101,54616,54616,54616,13714,13662,13987,101,101,101,54616,54616,54616,1.0217296193670702
SU2,f64,4,8,true,dense,qr_full,13483,13389,13800,101,101,101,50672,50672,50672,12906,12695,13268,101,101,101,50672,50672,50672,1.044707887804122
SU2,f64,4,8,true,dense,lq_compact,13925,13760,14697,98,98,98,53960,53960,53960,13793,13695,14368,98,98,98,53960,53960,53960,1.0095700717755383
SU2,f64,4,8,true,dense,lq_full,13645,13591,13847,113,113,113,56816,56816,56816,13722,13408,13939,113,113,113,56816,56816,56816,0.9943885730943012
SU2,f64,1,64,false,diagonal,qr_compact,62654,61377,65962,69,69,69,258122,258122,258122,327,316,335,9,9,9,1548,1548,1548,191.60244648318042
SU2,f64,1,64,false,diagonal,qr_full,64697,63941,65097,74,74,74,323674,323674,323674,325,318,335,9,9,9,1548,1548,1548,199.0676923076923
SU2,f64,1,64,false,diagonal,lq_compact,65300,65064,66979,65,65,65,355594,355594,355594,331,322,337,9,9,9,1548,1548,1548,197.2809667673716
SU2,f64,1,64,false,diagonal,lq_full,71487,70779,72845,77,77,77,421978,421978,421978,333,322,350,9,9,9,1548,1548,1548,214.67567567567568
SU2,f64,1,64,false,dense,qr_compact,62389,61958,62860,67,67,67,225278,225278,225278,62270,61791,63131,67,67,67,225278,225278,225278,1.0019110325999678
SU2,f64,1,64,false,dense,qr_full,64483,62983,65593,72,72,72,290830,290830,290830,62962,62189,63466,72,72,72,290830,290830,290830,1.0241574282900798
SU2,f64,1,64,false,dense,lq_compact,67095,65637,67445,63,63,63,322750,322750,322750,65279,64089,65800,63,63,63,322750,322750,322750,1.0278190536006986
SU2,f64,1,64,false,dense,lq_full,70914,70670,73697,75,75,75,389134,389134,389134,70014,69772,70612,75,75,75,389134,389134,389134,1.0128545719427544
SU2,f64,4,64,true,diagonal,qr_compact,253766,250270,257743,251,251,251,1296896,1296896,1296896,922,895,941,15,15,15,4880,4880,4880,275.234273318872
SU2,f64,4,64,true,diagonal,qr_full,266895,263877,270254,251,251,251,1551000,1551000,1551000,925,902,935,15,15,15,4880,4880,4880,288.53513513513514
SU2,f64,4,64,true,diagonal,lq_compact,265583,265018,270185,248,248,248,1328496,1328496,1328496,918,900,943,15,15,15,4880,4880,4880,289.3061002178649
SU2,f64,4,64,true,diagonal,lq_full,287720,284927,292454,263,263,263,1944216,1944216,1944216,929,893,945,15,15,15,4880,4880,4880,309.70936490850374
SU2,f64,4,64,true,dense,qr_compact,253512,250956,256345,249,249,249,1165680,1165680,1165680,252131,250629,252845,249,249,249,1165680,1165680,1165680,1.0054773113976465
SU2,f64,4,64,true,dense,qr_full,266560,263879,269212,249,249,249,1419784,1419784,1419784,262583,261504,263485,249,249,249,1419784,1419784,1419784,1.0151456872684066
SU2,f64,4,64,true,dense,lq_compact,265539,264666,267991,246,246,246,1197280,1197280,1197280,260391,256460,261729,246,246,246,1197280,1197280,1197280,1.019770268557669
SU2,f64,4,64,true,dense,lq_full,286460,282935,292052,261,261,261,1813000,1813000,1813000,287925,282347,292781,261,261,261,1813000,1813000,1813000,0.9949118694104367
U1xF,f64,1,8,false,diagonal,qr_compact,3956,3887,4087,32,32,32,12612,12612,12612,195,195,202,9,9,9,652,652,652,20.287179487179486
U1xF,f64,1,8,false,diagonal,qr_full,4191,4141,4354,37,37,37,13652,13652,13652,195,191,200,9,9,9,652,652,652,21.49230769230769
U1xF,f64,1,8,false,diagonal,lq_compact,3960,3916,4039,28,28,28,13316,13316,13316,197,195,200,9,9,9,652,652,652,20.101522842639593
U1xF,f64,1,8,false,diagonal,lq_full,4218,4135,4439,40,40,40,15188,15188,15188,200,195,202,9,9,9,652,652,652,21.09
U1xF,f64,1,8,false,dense,qr_compact,3985,3837,4045,30,30,30,12024,12024,12024,3872,3793,3885,30,30,30,12024,12024,12024,1.0291838842975207
U1xF,f64,1,8,false,dense,qr_full,4043,3985,4210,35,35,35,13064,13064,13064,3902,3860,4077,35,35,35,13064,13064,13064,1.0361353152229626
U1xF,f64,1,8,false,dense,lq_compact,3908,3812,4008,26,26,26,12728,12728,12728,3837,3827,3889,26,26,26,12728,12728,12728,1.018504039614282
U1xF,f64,1,8,false,dense,lq_full,4158,4004,4264,38,38,38,14600,14600,14600,4087,4058,4143,38,38,38,14600,14600,14600,1.0173721556153659
U1xF,f64,4,8,true,diagonal,qr_compact,14072,14056,14350,103,103,103,56808,56808,56808,372,366,387,15,15,15,1296,1296,1296,37.82795698924731
U1xF,f64,4,8,true,diagonal,qr_full,14033,14006,14410,103,103,103,52864,52864,52864,372,364,393,15,15,15,1296,1296,1296,37.723118279569896
U1xF,f64,4,8,true,diagonal,lq_compact,14233,14131,14364,100,100,100,56152,56152,56152,377,370,395,15,15,15,1296,1296,1296,37.753315649867375
U1xF,f64,4,8,true,diagonal,lq_full,14216,14050,14400,115,115,115,59008,59008,59008,377,368,389,15,15,15,1296,1296,1296,37.708222811671085
U1xF,f64,4,8,true,dense,qr_compact,13850,13812,14025,101,101,101,54616,54616,54616,13810,13806,13885,101,101,101,54616,54616,54616,1.002896451846488
U1xF,f64,4,8,true,dense,qr_full,13822,13725,14035,101,101,101,50672,50672,50672,13252,13204,13408,101,101,101,50672,50672,50672,1.043012375490492
U1xF,f64,4,8,true,dense,lq_compact,14070,14002,14262,98,98,98,53960,53960,53960,14018,13937,14427,98,98,98,53960,53960,53960,1.0037095163361391
U1xF,f64,4,8,true,dense,lq_full,14125,13995,14262,113,113,113,56816,56816,56816,14031,13904,14177,113,113,113,56816,56816,56816,1.0066994512151664
U1xF,f64,1,64,false,diagonal,qr_compact,63256,61247,63914,69,69,69,258122,258122,258122,327,318,343,9,9,9,1548,1548,1548,193.4434250764526
U1xF,f64,1,64,false,diagonal,qr_full,65979,62568,66506,74,74,74,323674,323674,323674,325,318,395,9,9,9,1548,1548,1548,203.0123076923077
U1xF,f64,1,64,false,diagonal,lq_compact,65718,65433,67368,65,65,65,355594,355594,355594,329,327,381,9,9,9,1548,1548,1548,199.75075987841944
U1xF,f64,1,64,false,diagonal,lq_full,71275,71045,72312,77,77,77,421978,421978,421978,329,327,337,9,9,9,1548,1548,1548,216.64133738601825
U1xF,f64,1,64,false,dense,qr_compact,62202,62091,64987,67,67,67,225278,225278,225278,62445,61825,63968,67,67,67,225278,225278,225278,0.9961085755464809
U1xF,f64,1,64,false,dense,qr_full,64508,64220,66233,72,72,72,290830,290830,290830,63779,62516,65445,72,72,72,290830,290830,290830,1.0114300945452266
U1xF,f64,1,64,false,dense,lq_compact,65702,64858,66560,63,63,63,322750,322750,322750,64639,64410,66743,63,63,63,322750,322750,322750,1.0164451801543959
U1xF,f64,1,64,false,dense,lq_full,71022,70639,72035,75,75,75,389134,389134,389134,71210,69704,71752,75,75,75,389134,389134,389134,0.9973599213593597
U1xF,f64,4,64,true,diagonal,qr_compact,253485,252125,256252,251,251,251,1296896,1296896,1296896,902,900,922,15,15,15,4880,4880,4880,281.0254988913525
U1xF,f64,4,64,true,diagonal,qr_full,268168,266243,269295,251,251,251,1551000,1551000,1551000,912,897,935,15,15,15,4880,4880,4880,294.0438596491228
U1xF,f64,4,64,true,diagonal,lq_compact,266195,265310,269683,248,248,248,1328496,1328496,1328496,908,891,937,15,15,15,4880,4880,4880,293.1662995594714
U1xF,f64,4,64,true,diagonal,lq_full,287441,284172,290962,263,263,263,1944216,1944216,1944216,906,897,941,15,15,15,4880,4880,4880,317.26379690949227
U1xF,f64,4,64,true,dense,qr_compact,251441,250764,252275,249,249,249,1165680,1165680,1165680,251712,250545,252262,249,249,249,1165680,1165680,1165680,0.9989233727434529
U1xF,f64,4,64,true,dense,qr_full,264970,264418,269100,249,249,249,1419784,1419784,1419784,264225,262183,264520,249,249,249,1419784,1419784,1419784,1.002819566657205
U1xF,f64,4,64,true,dense,lq_compact,265652,264458,266070,246,246,246,1197280,1197280,1197280,261466,260258,262383,246,246,246,1197280,1197280,1197280,1.0160097297545378
U1xF,f64,4,64,true,dense,lq_full,287079,284029,291870,261,261,261,1813000,1813000,1813000,285800,278318,286966,261,261,261,1813000,1813000,1813000,1.0044751574527642
U1,c32,1,8,false,diagonal,qr_compact,3789,3735,3845,32,32,32,12612,12612,12612,214,212,264,9,9,9,652,652,652,17.705607476635514
U1,c32,1,8,false,diagonal,qr_full,3868,3802,3910,37,37,37,13652,13652,13652,212,212,218,9,9,9,652,652,652,18.245283018867923
U1,c32,1,8,false,diagonal,lq_compact,4047,4016,4129,28,28,28,13316,13316,13316,214,214,214,9,9,9,652,652,652,18.911214953271028
U1,c32,1,8,false,diagonal,lq_full,4164,4120,4254,40,40,40,15188,15188,15188,214,210,216,9,9,9,652,652,652,19.457943925233646
U1,c32,1,8,false,dense,qr_compact,3683,3664,3731,30,30,30,12024,12024,12024,3631,3575,3691,30,30,30,12024,12024,12024,1.0143211236573946
U1,c32,1,8,false,dense,qr_full,3758,3718,3816,35,35,35,13064,13064,13064,3745,3668,3881,35,35,35,13064,13064,13064,1.0034712950600801
U1,c32,1,8,false,dense,lq_compact,3966,3939,4033,26,26,26,12728,12728,12728,3747,3712,3825,26,26,26,12728,12728,12728,1.0584467574059246
U1,c32,1,8,false,dense,lq_full,4077,4052,4216,38,38,38,14600,14600,14600,3962,3927,4052,38,38,38,14600,14600,14600,1.0290257445734476
U1,c32,4,8,true,diagonal,qr_compact,13691,13631,14087,103,103,103,56808,56808,56808,422,416,435,15,15,15,1296,1296,1296,32.443127962085306
U1,c32,4,8,true,diagonal,qr_full,13127,13004,13372,103,103,103,52864,52864,52864,427,418,427,15,15,15,1296,1296,1296,30.7423887587822
U1,c32,4,8,true,diagonal,lq_compact,14856,14741,15075,100,100,100,56152,56152,56152,431,420,439,15,15,15,1296,1296,1296,34.46867749419953
U1,c32,4,8,true,diagonal,lq_full,14391,14233,14558,115,115,115,59008,59008,59008,429,422,435,15,15,15,1296,1296,1296,33.54545454545455
U1,c32,4,8,true,dense,qr_compact,13622,13437,14539,101,101,101,54616,54616,54616,13468,13360,13795,101,101,101,54616,54616,54616,1.0114345114345114
U1,c32,4,8,true,dense,qr_full,13185,12922,13443,101,101,101,50672,50672,50672,12877,12810,13027,101,101,101,50672,50672,50672,1.0239186145841424
U1,c32,4,8,true,dense,lq_compact,14862,14643,15070,98,98,98,53960,53960,53960,14050,13920,14235,98,98,98,53960,53960,53960,1.05779359430605
U1,c32,4,8,true,dense,lq_full,14402,14195,14695,113,113,113,56816,56816,56816,14004,13929,14156,113,113,113,56816,56816,56816,1.0284204512996287
U1,c32,1,64,false,diagonal,qr_compact,96991,96564,98704,76,76,76,280635,280635,280635,458,450,462,9,9,9,1548,1548,1548,211.7707423580786
U1,c32,1,64,false,diagonal,qr_full,100475,99347,101841,81,81,81,346187,346187,346187,460,454,462,9,9,9,1548,1548,1548,218.42391304347825
U1,c32,1,64,false,diagonal,lq_compact,107929,107575,108314,72,72,72,378107,378107,378107,460,452,462,9,9,9,1548,1548,1548,234.62826086956522
U1,c32,1,64,false,diagonal,lq_full,113968,113710,114929,84,84,84,444491,444491,444491,462,447,466,9,9,9,1548,1548,1548,246.6839826839827
U1,c32,1,64,false,dense,qr_compact,97310,96364,98081,74,74,74,247791,247791,247791,96802,96256,97493,74,74,74,247791,247791,247791,1.0052478254581516
U1,c32,1,64,false,dense,qr_full,100339,98933,100722,79,79,79,313343,313343,313343,100697,98422,101347,79,79,79,313343,313343,313343,0.9964447798842071
U1,c32,1,64,false,dense,lq_compact,107391,107266,109435,70,70,70,345263,345263,345263,106002,105862,106510,70,70,70,345263,345263,345263,1.0131035263485595
U1,c32,1,64,false,dense,lq_full,114085,112666,114220,82,82,82,411647,411647,411647,112477,111845,114622,82,82,82,411647,411647,411647,1.014296256123474
U1,c32,4,64,true,diagonal,qr_compact,394954,389654,400143,279,279,279,1386948,1386948,1386948,1412,1408,1429,15,15,15,4880,4880,4880,279.71246458923514
U1,c32,4,64,true,diagonal,qr_full,406729,404785,409685,279,279,279,1641052,1641052,1641052,1420,1397,1433,15,15,15,4880,4880,4880,286.4288732394366
U1,c32,4,64,true,diagonal,lq_compact,433079,428820,434445,276,276,276,1418548,1418548,1418548,1422,1402,1439,15,15,15,4880,4880,4880,304.556258790436
U1,c32,4,64,true,diagonal,lq_full,456114,451895,458212,291,291,291,2034268,2034268,2034268,1435,1400,1450,15,15,15,4880,4880,4880,317.8494773519164
U1,c32,4,64,true,dense,qr_compact,392152,391397,394162,277,277,277,1255732,1255732,1255732,392518,390516,393127,277,277,277,1255732,1255732,1255732,0.9990675586852068
U1,c32,4,64,true,dense,qr_full,405102,402189,406960,277,277,277,1509836,1509836,1509836,405800,402737,407618,277,277,277,1509836,1509836,1509836,0.9982799408575653
U1,c32,4,64,true,dense,lq_compact,432289,430235,433204,274,274,274,1287332,1287332,1287332,428033,425614,430464,274,274,274,1287332,1287332,1287332,1.0099431585882397
U1,c32,4,64,true,dense,lq_full,455191,454427,456918,289,289,289,1903052,1903052,1903052,454047,450589,456585,289,289,289,1903052,1903052,1903052,1.002519562952734
SU2,c32,1,8,false,diagonal,qr_compact,3872,3795,3997,32,32,32,12612,12612,12612,210,208,220,9,9,9,652,652,652,18.438095238095237
SU2,c32,1,8,false,diagonal,qr_full,3941,3916,3987,37,37,37,13652,13652,13652,210,208,214,9,9,9,652,652,652,18.766666666666666
SU2,c32,1,8,false,diagonal,lq_compact,4141,4104,4164,28,28,28,13316,13316,13316,212,208,214,9,9,9,652,652,652,19.53301886792453
SU2,c32,1,8,false,diagonal,lq_full,4254,4202,4322,40,40,40,15188,15188,15188,212,210,214,9,9,9,652,652,652,20.066037735849058
SU2,c32,1,8,false,dense,qr_compact,3764,3760,3918,30,30,30,12024,12024,12024,3691,3647,3733,30,30,30,12024,12024,12024,1.0197778379842861
SU2,c32,1,8,false,dense,qr_full,3839,3789,3910,35,35,35,13064,13064,13064,3710,3697,3806,35,35,35,13064,13064,13064,1.0347708894878707
SU2,c32,1,8,false,dense,lq_compact,4064,3989,4125,26,26,26,12728,12728,12728,3827,3802,3858,26,26,26,12728,12728,12728,1.061928403449177
SU2,c32,1,8,false,dense,lq_full,4120,4060,4358,38,38,38,14600,14600,14600,4068,4004,4095,38,38,38,14600,14600,14600,1.0127826941986233
SU2,c32,4,8,true,diagonal,qr_compact,13820,13722,13931,103,103,103,56808,56808,56808,420,408,425,15,15,15,1296,1296,1296,32.904761904761905
SU2,c32,4,8,true,diagonal,qr_full,13229,13114,13325,103,103,103,52864,52864,52864,414,412,425,15,15,15,1296,1296,1296,31.954106280193237
SU2,c32,4,8,true,diagonal,lq_compact,14956,14793,15095,100,100,100,56152,56152,56152,420,414,425,15,15,15,1296,1296,1296,35.60952380952381
SU2,c32,4,8,true,diagonal,lq_full,14400,14270,15012,115,115,115,59008,59008,59008,420,414,427,15,15,15,1296,1296,1296,34.285714285714285
SU2,c32,4,8,true,dense,qr_compact,13633,13504,13743,101,101,101,54616,54616,54616,13514,13435,13625,101,101,101,54616,54616,54616,1.0088056829954122
SU2,c32,4,8,true,dense,qr_full,13054,12939,13110,101,101,101,50672,50672,50672,12889,12808,13029,101,101,101,50672,50672,50672,1.0128016137791915
SU2,c32,4,8,true,dense,lq_compact,14810,14641,14929,98,98,98,53960,53960,53960,14231,14056,14360,98,98,98,53960,53960,53960,1.0406858267163235
SU2,c32,4,8,true,dense,lq_full,14216,14118,14470,113,113,113,56816,56816,56816,14116,14033,14212,113,113,113,56816,56816,56816,1.0070841598186455
SU2,c32,1,64,false,diagonal,qr_compact,97939,97318,98814,76,76,76,280635,280635,280635,458,456,475,9,9,9,1548,1548,1548,213.84061135371178
SU2,c32,1,64,false,diagonal,qr_full,100825,99702,101206,81,81,81,346187,346187,346187,458,454,468,9,9,9,1548,1548,1548,220.14192139737992
SU2,c32,1,64,false,diagonal,lq_compact,107862,107808,108412,72,72,72,378107,378107,378107,458,456,477,9,9,9,1548,1548,1548,235.5065502183406
SU2,c32,1,64,false,diagonal,lq_full,114577,112987,115550,84,84,84,444491,444491,444491,462,454,468,9,9,9,1548,1548,1548,248.0021645021645
SU2,c32,1,64,false,dense,qr_compact,97570,96266,97916,74,74,74,247791,247791,247791,97350,96200,97622,74,74,74,247791,247791,247791,1.0022598870056496
SU2,c32,1,64,false,dense,qr_full,100016,99047,100545,79,79,79,313343,313343,313343,99414,98197,100652,79,79,79,313343,313343,313343,1.0060554851429375
SU2,c32,1,64,false,dense,lq_compact,108404,107702,108720,70,70,70,345263,345263,345263,106766,105347,109264,70,70,70,345263,345263,345263,1.0153419627971452
SU2,c32,1,64,false,dense,lq_full,113089,112879,115866,82,82,82,411647,411647,411647,113191,112558,113820,82,82,82,411647,411647,411647,0.9990988682845809
SU2,c32,4,64,true,diagonal,qr_compact,393414,390289,400037,279,279,279,1386948,1386948,1386948,1429,1406,1452,15,15,15,4880,4880,4880,275.3072078376487
SU2,c32,4,64,true,diagonal,qr_full,406285,403331,409539,279,279,279,1641052,1641052,1641052,1425,1408,1454,15,15,15,4880,4880,4880,285.1122807017544
SU2,c32,4,64,true,diagonal,lq_compact,433483,428410,435600,276,276,276,1418548,1418548,1418548,1431,1412,1447,15,15,15,4880,4880,4880,302.92313067784767
SU2,c32,4,64,true,diagonal,lq_full,458654,453481,459260,291,291,291,2034268,2034268,2034268,1437,1414,1462,15,15,15,4880,4880,4880,319.1746694502436
SU2,c32,4,64,true,dense,qr_compact,392429,388937,393808,277,277,277,1255732,1255732,1255732,393725,389481,395047,277,277,277,1255732,1255732,1255732,0.9967083624357101
SU2,c32,4,64,true,dense,qr_full,405016,402410,409285,277,277,277,1509836,1509836,1509836,407804,403004,410322,277,277,277,1509836,1509836,1509836,0.9931633824091965
SU2,c32,4,64,true,dense,lq_compact,432939,430300,433285,274,274,274,1287332,1287332,1287332,429260,426941,431200,274,274,274,1287332,1287332,1287332,1.0085705632949726
SU2,c32,4,64,true,dense,lq_full,457322,454727,459131,289,289,289,1903052,1903052,1903052,451579,449291,453052,289,289,289,1903052,1903052,1903052,1.0127175975853615
U1xF,c32,1,8,false,diagonal,qr_compact,4031,4000,4172,32,32,32,12612,12612,12612,210,208,216,9,9,9,652,652,652,19.195238095238096
U1xF,c32,1,8,false,diagonal,qr_full,4083,4029,4120,37,37,37,13652,13652,13652,210,208,214,9,9,9,652,652,652,19.442857142857143
U1xF,c32,1,8,false,diagonal,lq_compact,4266,4212,4322,28,28,28,13316,13316,13316,214,212,218,9,9,9,652,652,652,19.934579439252335
U1xF,c32,1,8,false,diagonal,lq_full,4377,4327,4397,40,40,40,15188,15188,15188,214,212,216,9,9,9,652,652,652,20.453271028037385
U1xF,c32,1,8,false,dense,qr_compact,3902,3850,3995,30,30,30,12024,12024,12024,3847,3787,3927,30,30,30,12024,12024,12024,1.0142968546919677
U1xF,c32,1,8,false,dense,qr_full,3981,3931,4066,35,35,35,13064,13064,13064,3920,3833,3985,35,35,35,13064,13064,13064,1.015561224489796
U1xF,c32,1,8,false,dense,lq_compact,4187,4131,4247,26,26,26,12728,12728,12728,3975,3866,4045,26,26,26,12728,12728,12728,1.0533333333333332
U1xF,c32,1,8,false,dense,lq_full,4277,4222,4410,38,38,38,14600,14600,14600,4206,4137,4279,38,38,38,14600,14600,14600,1.0168806466951974
U1xF,c32,4,8,true,diagonal,qr_compact,13960,13912,14208,103,103,103,56808,56808,56808,420,418,427,15,15,15,1296,1296,1296,33.23809523809524
U1xF,c32,4,8,true,diagonal,qr_full,13564,13529,13835,103,103,103,52864,52864,52864,418,412,427,15,15,15,1296,1296,1296,32.44976076555024
U1xF,c32,4,8,true,diagonal,lq_compact,15470,15268,15754,100,100,100,56152,56152,56152,418,418,433,15,15,15,1296,1296,1296,37.00956937799043
U1xF,c32,4,8,true,diagonal,lq_full,14797,14704,15145,115,115,115,59008,59008,59008,420,412,431,15,15,15,1296,1296,1296,35.23095238095238
U1xF,c32,4,8,true,dense,qr_compact,13804,13720,13925,101,101,101,54616,54616,54616,13833,13660,13916,101,101,101,54616,54616,54616,0.9979035639412998
U1xF,c32,4,8,true,dense,qr_full,13445,13404,13458,101,101,101,50672,50672,50672,13272,13212,13422,101,101,101,50672,50672,50672,1.0130349608197708
U1xF,c32,4,8,true,dense,lq_compact,14908,14856,14941,98,98,98,53960,53960,53960,14310,14289,14545,98,98,98,53960,53960,53960,1.0417889587700908
U1xF,c32,4,8,true,dense,lq_full,14554,14497,14662,113,113,113,56816,56816,56816,14393,14316,14797,113,113,113,56816,56816,56816,1.0111859931911347
U1xF,c32,1,64,false,diagonal,qr_compact,98781,97937,99531,76,76,76,280635,280635,280635,460,454,468,9,9,9,1548,1548,1548,214.7413043478261
U1xF,c32,1,64,false,diagonal,qr_full,100377,99577,100529,81,81,81,346187,346187,346187,462,456,468,9,9,9,1548,1548,1548,217.26623376623377
U1xF,c32,1,64,false,diagonal,lq_compact,110245,108493,110764,72,72,72,378107,378107,378107,466,456,477,9,9,9,1548,1548,1548,236.57725321888412
U1xF,c32,1,64,false,diagonal,lq_full,114135,113720,115845,84,84,84,444491,444491,444491,466,456,472,9,9,9,1548,1548,1548,244.92489270386267
U1xF,c32,1,64,false,dense,qr_compact,97762,97272,98408,74,74,74,247791,247791,247791,97510,96647,98572,74,74,74,247791,247791,247791,1.0025843503230438
U1xF,c32,1,64,false,dense,qr_full,100137,99966,102504,79,79,79,313343,313343,313343,99468,98345,101758,79,79,79,313343,313343,313343,1.0067257811557486
U1xF,c32,1,64,false,dense,lq_compact,108560,107477,109543,70,70,70,345263,345263,345263,106668,105725,107447,70,70,70,345263,345263,345263,1.0177372782840215
U1xF,c32,1,64,false,dense,lq_full,113577,113412,114520,82,82,82,411647,411647,411647,113016,112841,113833,82,82,82,411647,411647,411647,1.0049638989169676
U1xF,c32,4,64,true,diagonal,qr_compact,394070,389804,399033,279,279,279,1386948,1386948,1386948,1397,1385,1441,15,15,15,4880,4880,4880,282.08303507516104
U1xF,c32,4,64,true,diagonal,qr_full,406175,405004,410000,279,279,279,1641052,1641052,1641052,1410,1389,1427,15,15,15,4880,4880,4880,288.0673758865248
U1xF,c32,4,64,true,diagonal,lq_compact,433408,428314,434279,276,276,276,1418548,1418548,1418548,1410,1389,1439,15,15,15,4880,4880,4880,307.3815602836879
U1xF,c32,4,64,true,diagonal,lq_full,458518,452806,459433,291,291,291,2034268,2034268,2034268,1406,1393,1435,15,15,15,4880,4880,4880,326.1152204836415
U1xF,c32,4,64,true,dense,qr_compact,391977,388475,395531,277,277,277,1255732,1255732,1255732,391850,391168,394308,277,277,277,1255732,1255732,1255732,1.0003241036110757
U1xF,c32,4,64,true,dense,qr_full,408408,403775,409293,277,277,277,1509836,1509836,1509836,406641,404645,411139,277,277,277,1509836,1509836,1509836,1.0043453562233027
U1xF,c32,4,64,true,dense,lq_compact,432468,430412,435656,274,274,274,1287332,1287332,1287332,427743,425243,433564,274,274,274,1287332,1287332,1287332,1.011046352599575
U1xF,c32,4,64,true,dense,lq_full,457489,455583,459222,289,289,289,1903052,1903052,1903052,453137,448116,454395,289,289,289,1903052,1903052,1903052,1.009604159448467
U1,c64,1,8,false,diagonal,qr_compact,3804,3785,3850,32,32,32,15172,15172,15172,204,200,225,9,9,9,780,780,780,18.647058823529413
U1,c64,1,8,false,diagonal,qr_full,3862,3806,3904,37,37,37,17236,17236,17236,206,200,208,9,9,9,780,780,780,18.74757281553398
U1,c64,1,8,false,diagonal,lq_compact,4095,4025,4160,28,28,28,17412,17412,17412,208,204,208,9,9,9,780,780,780,19.6875
U1,c64,1,8,false,diagonal,lq_full,4120,4087,4162,40,40,40,20308,20308,20308,206,204,225,9,9,9,780,780,780,20.0
U1,c64,1,8,false,dense,qr_compact,3714,3687,3931,30,30,30,14072,14072,14072,3679,3664,3731,30,30,30,14072,14072,14072,1.0095134547431368
U1,c64,1,8,false,dense,qr_full,3743,3725,3745,35,35,35,16136,16136,16136,3756,3741,3783,35,35,35,16136,16136,16136,0.9965388711395101
U1,c64,1,8,false,dense,lq_compact,3941,3902,3995,26,26,26,16312,16312,16312,3825,3772,3910,26,26,26,16312,16312,16312,1.030326797385621
U1,c64,1,8,false,dense,lq_full,4025,4018,4041,38,38,38,19208,19208,19208,4079,4037,4156,38,38,38,19208,19208,19208,0.9867614611424369
U1,c64,4,8,true,diagonal,qr_compact,13614,13479,13693,103,103,103,71144,71144,71144,393,389,402,15,15,15,1808,1808,1808,34.6412213740458
U1,c64,4,8,true,diagonal,qr_full,13289,13189,13475,103,103,103,71296,71296,71296,395,387,404,15,15,15,1808,1808,1808,33.643037974683544
U1,c64,4,8,true,diagonal,lq_compact,14945,14912,15022,100,100,100,71000,71000,71000,395,393,404,15,15,15,1808,1808,1808,37.835443037974684
U1,c64,4,8,true,diagonal,lq_full,14393,14310,14441,115,115,115,83584,83584,83584,395,368,400,15,15,15,1808,1808,1808,36.437974683544304
U1,c64,4,8,true,dense,qr_compact,13462,13395,13510,101,101,101,66904,66904,66904,13462,13406,13668,101,101,101,66904,66904,66904,1.0
U1,c64,4,8,true,dense,qr_full,13104,13033,13177,101,101,101,67056,67056,67056,13131,13000,13468,101,101,101,67056,67056,67056,0.997943797121316
U1,c64,4,8,true,dense,lq_compact,14770,14697,14922,98,98,98,66760,66760,66760,14200,14077,14445,98,98,98,66760,66760,66760,1.0401408450704226
U1,c64,4,8,true,dense,lq_full,14297,14189,14552,113,113,113,79344,79344,79344,14214,14100,14652,113,113,113,79344,79344,79344,1.0058393133530321
U1,c64,1,64,false,diagonal,qr_compact,150191,149875,151777,76,76,76,873531,873531,873531,408,400,429,9,9,9,2572,2572,2572,368.1151960784314
U1,c64,1,64,false,diagonal,qr_full,154125,153643,154422,81,81,81,1004619,1004619,1004619,408,400,445,9,9,9,2572,2572,2572,377.75735294117646
U1,c64,1,64,false,diagonal,lq_compact,161418,161275,161843,72,72,72,1069307,1069307,1069307,404,400,416,9,9,9,2572,2572,2572,399.5495049504951
U1,c64,1,64,false,diagonal,lq_full,165310,165050,165777,84,84,84,1201227,1201227,1201227,404,400,418,9,9,9,2572,2572,2572,409.1831683168317
U1,c64,1,64,false,dense,qr_compact,148831,148627,149452,74,74,74,807919,807919,807919,149206,149066,149722,74,74,74,807919,807919,807919,0.9974866962454593
U1,c64,1,64,false,dense,qr_full,153422,153208,154183,79,79,79,939007,939007,939007,154597,154129,155054,79,79,79,939007,939007,939007,0.9923995937825443
U1,c64,1,64,false,dense,lq_compact,160670,160535,160887,70,70,70,1003695,1003695,1003695,159185,158616,159310,70,70,70,1003695,1003695,1003695,1.0093287684141095
U1,c64,1,64,false,dense,lq_full,165160,164629,167791,82,82,82,1135615,1135615,1135615,165097,164770,165839,82,82,82,1135615,1135615,1135615,1.0003815938508878
U1,c64,4,64,true,diagonal,qr_compact,607175,603393,612975,279,279,279,4020676,4020676,4020676,1233,1218,1241,15,15,15,8976,8976,8976,492.43714517437144
U1,c64,4,64,true,diagonal,qr_full,617435,615925,617922,279,279,279,4536924,4536924,4536924,1233,1222,1250,15,15,15,8976,8976,8976,500.7583130575831
U1,c64,4,64,true,diagonal,lq_compact,643910,643091,646141,276,276,276,4085044,4085044,4085044,1243,1222,1243,15,15,15,8976,8976,8976,518.0289621882542
U1,c64,4,64,true,diagonal,lq_full,664395,664102,668404,291,291,291,5323356,5323356,5323356,1250,1220,1252,15,15,15,8976,8976,8976,531.516
U1,c64,4,64,true,dense,qr_compact,602627,601302,604939,277,277,277,3758388,3758388,3758388,606114,603347,607243,277,277,277,3758388,3758388,3758388,0.9942469568431022
U1,c64,4,64,true,dense,qr_full,642289,615914,644756,277,277,277,4274636,4274636,4274636,621320,617956,621833,277,277,277,4274636,4274636,4274636,1.033749114787871
U1,c64,4,64,true,dense,lq_compact,641397,641210,667845,274,274,274,3822756,3822756,3822756,636368,632722,637847,274,274,274,3822756,3822756,3822756,1.007902660096045
U1,c64,4,64,true,dense,lq_full,665975,662727,688608,289,289,289,5061068,5061068,5061068,662735,658637,667068,289,289,289,5061068,5061068,5061068,1.004888831886048
SU2,c64,1,8,false,diagonal,qr_compact,3835,3766,3914,32,32,32,15172,15172,15172,204,202,229,9,9,9,780,780,780,18.79901960784314
SU2,c64,1,8,false,diagonal,qr_full,3875,3837,3904,37,37,37,17236,17236,17236,206,202,222,9,9,9,780,780,780,18.810679611650485
SU2,c64,1,8,false,diagonal,lq_compact,4097,4035,4156,28,28,28,17412,17412,17412,208,206,214,9,9,9,780,780,780,19.697115384615383
SU2,c64,1,8,false,diagonal,lq_full,4193,4160,4210,40,40,40,20308,20308,20308,208,206,214,9,9,9,780,780,780,20.158653846153847
SU2,c64,1,8,false,dense,qr_compact,3750,3668,3770,30,30,30,14072,14072,14072,3777,3733,3816,30,30,30,14072,14072,14072,0.9928514694201748
SU2,c64,1,8,false,dense,qr_full,3793,3733,3829,35,35,35,16136,16136,16136,3829,3789,3887,35,35,35,16136,16136,16136,0.9905980673805171
SU2,c64,1,8,false,dense,lq_compact,3975,3922,4018,26,26,26,16312,16312,16312,3879,3827,3979,26,26,26,16312,16312,16312,1.0247486465583913
SU2,c64,1,8,false,dense,lq_full,4070,4020,4087,38,38,38,19208,19208,19208,4112,4077,4181,38,38,38,19208,19208,19208,0.9897859922178989
SU2,c64,4,8,true,diagonal,qr_compact,13610,13527,13800,103,103,103,71144,71144,71144,400,391,408,15,15,15,1808,1808,1808,34.025
SU2,c64,4,8,true,diagonal,qr_full,13304,13229,13491,103,103,103,71296,71296,71296,400,389,412,15,15,15,1808,1808,1808,33.26
SU2,c64,4,8,true,diagonal,lq_compact,14939,14900,15135,100,100,100,71000,71000,71000,402,393,410,15,15,15,1808,1808,1808,37.16169154228856
SU2,c64,4,8,true,diagonal,lq_full,14358,14102,14787,115,115,115,83584,83584,83584,406,389,410,15,15,15,1808,1808,1808,35.364532019704434
SU2,c64,4,8,true,dense,qr_compact,13550,13491,13612,101,101,101,66904,66904,66904,13495,13358,13764,101,101,101,66904,66904,66904,1.0040755835494628
SU2,c64,4,8,true,dense,qr_full,13070,12872,13333,101,101,101,67056,67056,67056,13068,12941,13289,101,101,101,67056,67056,67056,1.000153045607591
SU2,c64,4,8,true,dense,lq_compact,14725,14670,14995,98,98,98,66760,66760,66760,14245,14206,14550,98,98,98,66760,66760,66760,1.0336960336960337
SU2,c64,4,8,true,dense,lq_full,14172,13912,14495,113,113,113,79344,79344,79344,14372,14089,14945,113,113,113,79344,79344,79344,0.9860840523239632
SU2,c64,1,64,false,diagonal,qr_compact,150885,150464,153037,76,76,76,873531,873531,873531,404,404,420,9,9,9,2572,2572,2572,373.4777227722772
SU2,c64,1,64,false,diagonal,qr_full,154681,154579,162970,81,81,81,1004619,1004619,1004619,402,400,414,9,9,9,2572,2572,2572,384.7786069651741
SU2,c64,1,64,false,diagonal,lq_compact,162393,161883,175941,72,72,72,1069307,1069307,1069307,404,400,422,9,9,9,2572,2572,2572,401.96287128712873
SU2,c64,1,64,false,diagonal,lq_full,166202,165389,166900,84,84,84,1201227,1201227,1201227,406,400,418,9,9,9,2572,2572,2572,409.3645320197044
SU2,c64,1,64,false,dense,qr_compact,149187,148735,150262,74,74,74,807919,807919,807919,149595,149393,151591,74,74,74,807919,807919,807919,0.9972726361175173
SU2,c64,1,64,false,dense,qr_full,153395,152689,161491,79,79,79,939007,939007,939007,154743,154468,156756,79,79,79,939007,939007,939007,0.9912887820450683
SU2,c64,1,64,false,dense,lq_compact,160645,160400,176168,70,70,70,1003695,1003695,1003695,159275,159114,161116,70,70,70,1003695,1003695,1003695,1.0086014754355674
SU2,c64,1,64,false,dense,lq_full,170956,164235,171725,82,82,82,1135615,1135615,1135615,165941,165002,166906,82,82,82,1135615,1135615,1135615,1.0302215847801326
SU2,c64,4,64,true,diagonal,qr_compact,605237,603589,606004,279,279,279,4020676,4020676,4020676,1245,1222,1258,15,15,15,8976,8976,8976,486.1341365461847
SU2,c64,4,64,true,diagonal,qr_full,616750,615089,622106,279,279,279,4536924,4536924,4536924,1239,1225,1258,15,15,15,8976,8976,8976,497.78046811945114
SU2,c64,4,64,true,diagonal,lq_compact,642922,641339,644885,276,276,276,4085044,4085044,4085044,1252,1229,1266,15,15,15,8976,8976,8976,513.5159744408945
SU2,c64,4,64,true,diagonal,lq_full,665083,664810,666514,291,291,291,5323356,5323356,5323356,1250,1229,1275,15,15,15,8976,8976,8976,532.0664
SU2,c64,4,64,true,dense,qr_compact,605127,602493,606587,277,277,277,3758388,3758388,3758388,603685,601633,611810,277,277,277,3758388,3758388,3758388,1.0023886629616439
SU2,c64,4,64,true,dense,qr_full,619725,614108,643245,277,277,277,4274636,4274636,4274636,620356,619110,624858,277,277,277,4274636,4274636,4274636,0.9989828421100142
SU2,c64,4,64,true,dense,lq_compact,665633,641818,670362,274,274,274,3822756,3822756,3822756,637366,634070,641116,274,274,274,3822756,3822756,3822756,1.0443497142928866
SU2,c64,4,64,true,dense,lq_full,666118,662054,701416,289,289,289,5061068,5061068,5061068,663202,660047,668591,289,289,289,5061068,5061068,5061068,1.0043968504316936
U1xF,c64,1,8,false,diagonal,qr_compact,3883,3841,4012,32,32,32,15172,15172,15172,204,202,212,9,9,9,780,780,780,19.034313725490197
U1xF,c64,1,8,false,diagonal,qr_full,3977,3945,4058,37,37,37,17236,17236,17236,204,202,218,9,9,9,780,780,780,19.495098039215687
U1xF,c64,1,8,false,diagonal,lq_compact,4112,4097,4222,28,28,28,17412,17412,17412,208,204,212,9,9,9,780,780,780,19.76923076923077
U1xF,c64,1,8,false,diagonal,lq_full,4281,4229,4370,40,40,40,20308,20308,20308,208,204,214,9,9,9,780,780,780,20.58173076923077
U1xF,c64,1,8,false,dense,qr_compact,3804,3739,3897,30,30,30,14072,14072,14072,3870,3797,3904,30,30,30,14072,14072,14072,0.9829457364341085
U1xF,c64,1,8,false,dense,qr_full,3872,3827,3983,35,35,35,16136,16136,16136,3947,3879,3975,35,35,35,16136,16136,16136,0.9809982265011401
U1xF,c64,1,8,false,dense,lq_compact,4008,3983,4183,26,26,26,16312,16312,16312,3983,3893,4010,26,26,26,16312,16312,16312,1.006276675872458
U1xF,c64,1,8,false,dense,lq_full,4166,4122,4316,38,38,38,19208,19208,19208,4285,4204,4318,38,38,38,19208,19208,19208,0.9722287047841307
U1xF,c64,4,8,true,diagonal,qr_compact,13925,13754,14243,103,103,103,71144,71144,71144,400,393,425,15,15,15,1808,1808,1808,34.8125
U1xF,c64,4,8,true,diagonal,qr_full,13597,13470,13775,103,103,103,71296,71296,71296,400,391,414,15,15,15,1808,1808,1808,33.9925
U1xF,c64,4,8,true,diagonal,lq_compact,15162,14945,15391,100,100,100,71000,71000,71000,400,395,414,15,15,15,1808,1808,1808,37.905
U1xF,c64,4,8,true,diagonal,lq_full,14675,14487,14783,115,115,115,83584,83584,83584,402,395,414,15,15,15,1808,1808,1808,36.504975124378106
U1xF,c64,4,8,true,dense,qr_compact,13685,13472,13781,101,101,101,66904,66904,66904,13712,13568,13827,101,101,101,66904,66904,66904,0.9980309218203034
U1xF,c64,4,8,true,dense,qr_full,13610,13254,13729,101,101,101,67056,67056,67056,13452,13360,13704,101,101,101,67056,67056,67056,1.0117454653583111
U1xF,c64,4,8,true,dense,lq_compact,15018,14804,15143,98,98,98,66760,66760,66760,14560,14329,14702,98,98,98,66760,66760,66760,1.031456043956044
U1xF,c64,4,8,true,dense,lq_full,14718,14362,14889,113,113,113,79344,79344,79344,14527,14437,15083,113,113,113,79344,79344,79344,1.013147931438012
U1xF,c64,1,64,false,diagonal,qr_compact,151258,150668,152893,76,76,76,873531,873531,873531,408,400,412,9,9,9,2572,2572,2572,370.73039215686276
U1xF,c64,1,64,false,diagonal,qr_full,154620,154233,163172,81,81,81,1004619,1004619,1004619,404,397,416,9,9,9,2572,2572,2572,382.7227722772277
U1xF,c64,1,64,false,diagonal,lq_compact,162733,161760,163718,72,72,72,1069307,1069307,1069307,402,397,504,9,9,9,2572,2572,2572,404.80845771144277
U1xF,c64,1,64,false,diagonal,lq_full,172656,165787,174747,84,84,84,1201227,1201227,1201227,406,397,408,9,9,9,2572,2572,2572,425.2610837438424
U1xF,c64,1,64,false,dense,qr_compact,149477,148912,150466,74,74,74,807919,807919,807919,149352,148925,150722,74,74,74,807919,807919,807919,1.0008369489528095
U1xF,c64,1,64,false,dense,qr_full,154075,153427,159729,79,79,79,939007,939007,939007,154308,154029,163860,79,79,79,939007,939007,939007,0.9984900329211707
U1xF,c64,1,64,false,dense,lq_compact,161893,161172,167916,70,70,70,1003695,1003695,1003695,159556,159020,160977,70,70,70,1003695,1003695,1003695,1.0146468951339969
U1xF,c64,1,64,false,dense,lq_full,170414,165125,172443,82,82,82,1135615,1135615,1135615,165833,164879,166418,82,82,82,1135615,1135615,1135615,1.0276241761289973
U1xF,c64,4,64,true,diagonal,qr_compact,605310,602831,608085,279,279,279,4020676,4020676,4020676,1225,1206,1237,15,15,15,8976,8976,8976,494.130612244898
U1xF,c64,4,64,true,diagonal,qr_full,618002,616139,622868,279,279,279,4536924,4536924,4536924,1229,1206,1237,15,15,15,8976,8976,8976,502.8494711147274
U1xF,c64,4,64,true,diagonal,lq_compact,642666,640043,643283,276,276,276,4085044,4085044,4085044,1243,1225,1252,15,15,15,8976,8976,8976,517.0281576830249
U1xF,c64,4,64,true,diagonal,lq_full,666808,664585,684964,291,291,291,5323356,5323356,5323356,1243,1222,1252,15,15,15,8976,8976,8976,536.450522928399
U1xF,c64,4,64,true,dense,qr_compact,608697,604160,640016,277,277,277,3758388,3758388,3758388,603929,602581,608029,277,277,277,3758388,3758388,3758388,1.0078949677859483
U1xF,c64,4,64,true,dense,qr_full,638216,614527,645352,277,277,277,4274636,4274636,4274636,620881,617027,626514,277,277,277,4274636,4274636,4274636,1.0279200039943241
U1xF,c64,4,64,true,dense,lq_compact,640383,638737,664916,274,274,274,3822756,3822756,3822756,638362,635633,642583,274,274,274,3822756,3822756,3822756,1.0031659152643797
U1xF,c64,4,64,true,dense,lq_full,665700,663547,699879,289,289,289,5061068,5061068,5061068,663325,661431,670558,289,289,289,5061068,5061068,5061068,1.00358044699054
