family,dtype,sectors,k,dual,storage,operation,setup_ns,first_ns,median_ns,alloc_calls,alloc_bytes
U1,f32,1,8,false,diagonal,qr_compact,92791,193584,3710,32,11844
U1,f32,1,8,false,diagonal,qr_full,92791,25125,3881,37,12372
U1,f32,1,8,false,diagonal,lq_compact,92791,20250,3722,28,11780
U1,f32,1,8,false,diagonal,lq_full,92791,10541,3889,40,13140
U1,f32,1,8,false,dense,qr_compact,1583,6042,3729,30,11512
U1,f32,1,8,false,dense,qr_full,1583,4916,3820,35,12040
U1,f32,1,8,false,dense,lq_compact,1583,4584,3668,26,11448
U1,f32,1,8,false,dense,lq_full,1583,4667,3854,38,12808
U1,f32,4,8,true,diagonal,qr_compact,17167,39000,14202,103,51688
U1,f32,4,8,true,diagonal,qr_full,17167,17333,13645,103,45696
U1,f32,4,8,true,diagonal,lq_compact,17167,16166,14406,100,50776
U1,f32,4,8,true,diagonal,lq_full,17167,15167,13750,115,48768
U1,f32,4,8,true,dense,qr_compact,1916,16292,13839,101,50520
U1,f32,4,8,true,dense,qr_full,1916,14917,13539,101,44528
U1,f32,4,8,true,dense,lq_compact,1916,15292,14164,98,49608
U1,f32,4,8,true,dense,lq_full,1916,14667,13672,113,47600
U1,f32,1,64,false,diagonal,qr_compact,4917,162292,47583,67,155978
U1,f32,1,64,false,diagonal,qr_full,4917,52333,48366,72,188762
U1,f32,1,64,false,diagonal,lq_compact,4917,54500,50722,63,204298
U1,f32,1,64,false,diagonal,lq_full,4917,53542,52712,75,237914
U1,f32,1,64,false,dense,qr_compact,1625,49375,47168,65,139518
U1,f32,1,64,false,dense,qr_full,1625,49583,48137,70,172302
U1,f32,1,64,false,dense,lq_compact,1625,51625,50400,61,187838
U1,f32,1,64,false,dense,lq_full,1625,61333,52293,73,221454
U1,f32,4,64,true,diagonal,qr_compact,11667,224166,188345,243,757248
U1,f32,4,64,true,diagonal,qr_full,11667,199833,194154,243,880280
U1,f32,4,64,true,diagonal,lq_compact,11667,202416,200991,240,772464
U1,f32,4,64,true,diagonal,lq_full,11667,227333,213308,255,1076888
U1,f32,4,64,true,dense,qr_compact,6000,195125,188370,241,691568
U1,f32,4,64,true,dense,qr_full,6000,198084,195104,241,814600
U1,f32,4,64,true,dense,lq_compact,6000,212750,201522,238,706784
U1,f32,4,64,true,dense,lq_full,6000,214625,208777,253,1011208
SU2,f32,1,8,false,diagonal,qr_compact,30083,21250,3891,32,11844
SU2,f32,1,8,false,diagonal,qr_full,30083,12000,3977,37,12372
SU2,f32,1,8,false,diagonal,lq_compact,30083,9667,3843,28,11780
SU2,f32,1,8,false,diagonal,lq_full,30083,9000,3985,40,13140
SU2,f32,1,8,false,dense,qr_compact,1459,5750,3764,30,11512
SU2,f32,1,8,false,dense,qr_full,1459,4708,3864,35,12040
SU2,f32,1,8,false,dense,lq_compact,1459,4500,3710,26,11448
SU2,f32,1,8,false,dense,lq_full,1459,4542,3902,38,12808
SU2,f32,4,8,true,diagonal,qr_compact,12416,32709,14091,103,51688
SU2,f32,4,8,true,diagonal,qr_full,12416,15083,13493,103,45696
SU2,f32,4,8,true,diagonal,lq_compact,12416,16042,14395,100,50776
SU2,f32,4,8,true,diagonal,lq_full,12416,14542,13554,115,48768
SU2,f32,4,8,true,dense,qr_compact,1916,16542,13947,101,50520
SU2,f32,4,8,true,dense,qr_full,1916,14917,13437,101,44528
SU2,f32,4,8,true,dense,lq_compact,1916,15334,14354,98,49608
SU2,f32,4,8,true,dense,lq_full,1916,21834,13545,113,47600
SU2,f32,1,64,false,diagonal,qr_compact,6041,73875,47637,67,155978
SU2,f32,1,64,false,diagonal,qr_full,6041,60166,48410,72,188762
SU2,f32,1,64,false,diagonal,lq_compact,6041,54500,50927,63,204298
SU2,f32,1,64,false,diagonal,lq_full,6041,54000,52639,75,237914
SU2,f32,1,64,false,dense,qr_compact,1917,50083,47254,65,139518
SU2,f32,1,64,false,dense,qr_full,1917,49917,48235,70,172302
SU2,f32,1,64,false,dense,lq_compact,1917,51833,50310,61,187838
SU2,f32,1,64,false,dense,lq_full,1917,53167,52616,73,221454
SU2,f32,4,64,true,diagonal,qr_compact,7000,235917,188535,243,757248
SU2,f32,4,64,true,diagonal,qr_full,7000,197708,194581,243,880280
SU2,f32,4,64,true,diagonal,lq_compact,7000,205500,201760,240,772464
SU2,f32,4,64,true,diagonal,lq_full,7000,213916,210820,255,1076888
SU2,f32,4,64,true,dense,qr_compact,3792,193083,188445,241,691568
SU2,f32,4,64,true,dense,qr_full,3792,210667,193422,241,814600
SU2,f32,4,64,true,dense,lq_compact,3792,201667,199108,238,706784
SU2,f32,4,64,true,dense,lq_full,3792,210458,209875,253,1011208
U1xF,f32,1,8,false,diagonal,qr_compact,27750,16334,3887,32,11844
U1xF,f32,1,8,false,diagonal,qr_full,27750,12917,4070,37,12372
U1xF,f32,1,8,false,diagonal,lq_compact,27750,6542,3860,28,11780
U1xF,f32,1,8,false,diagonal,lq_full,27750,5667,4064,40,13140
U1xF,f32,1,8,false,dense,qr_compact,1708,5625,3812,30,11512
U1xF,f32,1,8,false,dense,qr_full,1708,4875,3964,35,12040
U1xF,f32,1,8,false,dense,lq_compact,1708,4542,3739,26,11448
U1xF,f32,1,8,false,dense,lq_full,1708,4625,3983,38,12808
U1xF,f32,4,8,true,diagonal,qr_compact,13042,32958,14225,103,51688
U1xF,f32,4,8,true,diagonal,qr_full,13042,15833,13943,103,45696
U1xF,f32,4,8,true,diagonal,lq_compact,13042,15667,14556,100,50776
U1xF,f32,4,8,true,diagonal,lq_full,13042,15167,13952,115,48768
U1xF,f32,4,8,true,dense,qr_compact,2250,16917,14143,101,50520
U1xF,f32,4,8,true,dense,qr_full,2250,15250,13925,101,44528
U1xF,f32,4,8,true,dense,lq_compact,2250,15708,14435,98,49608
U1xF,f32,4,8,true,dense,lq_full,2250,14792,13964,113,47600
U1xF,f32,1,64,false,diagonal,qr_compact,3334,51875,47402,67,155978
U1xF,f32,1,64,false,diagonal,qr_full,3334,50042,49004,72,188762
U1xF,f32,1,64,false,diagonal,lq_compact,3334,58750,51141,63,204298
U1xF,f32,1,64,false,diagonal,lq_full,3334,61208,52662,75,237914
U1xF,f32,1,64,false,dense,qr_compact,4500,55209,47281,65,139518
U1xF,f32,1,64,false,dense,qr_full,4500,50833,48104,70,172302
U1xF,f32,1,64,false,dense,lq_compact,4500,52125,50572,61,187838
U1xF,f32,1,64,false,dense,lq_full,4500,55083,52408,73,221454
U1xF,f32,4,64,true,diagonal,qr_compact,15292,208041,188889,243,757248
U1xF,f32,4,64,true,diagonal,qr_full,15292,197208,194529,243,880280
U1xF,f32,4,64,true,diagonal,lq_compact,15292,202292,200418,240,772464
U1xF,f32,4,64,true,diagonal,lq_full,15292,217334,213147,255,1076888
U1xF,f32,4,64,true,dense,qr_compact,5000,192417,188052,241,691568
U1xF,f32,4,64,true,dense,qr_full,5000,196500,194379,241,814600
U1xF,f32,4,64,true,dense,lq_compact,5000,204208,200793,238,706784
U1xF,f32,4,64,true,dense,lq_full,5000,214084,210220,253,1011208
U1,f64,1,8,false,diagonal,qr_compact,4041,28042,3827,32,12612
U1,f64,1,8,false,diagonal,qr_full,4041,8250,3964,37,13652
U1,f64,1,8,false,diagonal,lq_compact,4041,9833,3850,28,13316
U1,f64,1,8,false,diagonal,lq_full,4041,6000,4052,40,15188
U1,f64,1,8,false,dense,qr_compact,1334,5375,3718,30,12024
U1,f64,1,8,false,dense,qr_full,1334,4708,3916,35,13064
U1,f64,1,8,false,dense,lq_compact,1334,4792,3808,26,12728
U1,f64,1,8,false,dense,lq_full,1334,4792,3987,38,14600
U1,f64,4,8,true,diagonal,qr_compact,3125,19709,14091,103,56808
U1,f64,4,8,true,diagonal,qr_full,3125,15375,13637,103,52864
U1,f64,4,8,true,diagonal,lq_compact,3125,15791,14177,100,56152
U1,f64,4,8,true,diagonal,lq_full,3125,14875,13893,115,59008
U1,f64,4,8,true,dense,qr_compact,2500,19042,13818,101,54616
U1,f64,4,8,true,dense,qr_full,2500,15625,13522,101,50672
U1,f64,4,8,true,dense,lq_compact,2500,16042,13981,98,53960
U1,f64,4,8,true,dense,lq_full,2500,15041,13720,113,56816
U1,f64,1,64,false,diagonal,qr_compact,1250,107709,62922,69,258122
U1,f64,1,64,false,diagonal,qr_full,1250,84458,63870,74,323674
U1,f64,1,64,false,diagonal,lq_compact,1250,75833,65154,65,355594
U1,f64,1,64,false,diagonal,lq_full,1250,69792,71220,77,421978
U1,f64,1,64,false,dense,qr_compact,5833,65833,61933,67,225278
U1,f64,1,64,false,dense,qr_full,5833,67750,63708,72,290830
U1,f64,1,64,false,dense,lq_compact,5833,68583,64325,63,322750
U1,f64,1,64,false,dense,lq_full,5833,67500,69731,75,389134
U1,f64,4,64,true,diagonal,qr_compact,8166,289125,251250,251,1296896
U1,f64,4,64,true,diagonal,qr_full,8166,269208,263729,251,1551000
U1,f64,4,64,true,diagonal,lq_compact,8166,279541,265793,248,1328496
U1,f64,4,64,true,diagonal,lq_full,8166,301792,285197,263,1944216
U1,f64,4,64,true,dense,qr_compact,6792,257750,249450,249,1165680
U1,f64,4,64,true,dense,qr_full,6792,277833,262783,249,1419784
U1,f64,4,64,true,dense,lq_compact,6792,261750,264064,246,1197280
U1,f64,4,64,true,dense,lq_full,6792,305750,287643,261,1813000
SU2,f64,1,8,false,diagonal,qr_compact,5917,20000,3933,32,12612
SU2,f64,1,8,false,diagonal,qr_full,5917,8208,4068,37,13652
SU2,f64,1,8,false,diagonal,lq_compact,5917,6458,3972,28,13316
SU2,f64,1,8,false,diagonal,lq_full,5917,5834,4131,40,15188
SU2,f64,1,8,false,dense,qr_compact,1625,5917,3862,30,12024
SU2,f64,1,8,false,dense,qr_full,1625,4917,3981,35,13064
SU2,f64,1,8,false,dense,lq_compact,1625,4750,3879,26,12728
SU2,f64,1,8,false,dense,lq_full,1625,4875,4037,38,14600
SU2,f64,4,8,true,diagonal,qr_compact,6667,20167,13956,103,56808
SU2,f64,4,8,true,diagonal,qr_full,6667,15500,13683,103,52864
SU2,f64,4,8,true,diagonal,lq_compact,6667,15500,14118,100,56152
SU2,f64,4,8,true,diagonal,lq_full,6667,15208,13945,115,59008
SU2,f64,4,8,true,dense,qr_compact,1792,15708,13791,101,54616
SU2,f64,4,8,true,dense,qr_full,1792,14542,13629,101,50672
SU2,f64,4,8,true,dense,lq_compact,1792,24459,13958,98,53960
SU2,f64,4,8,true,dense,lq_full,1792,16292,13800,113,56816
SU2,f64,1,64,false,diagonal,qr_compact,2208,93666,62879,69,258122
SU2,f64,1,64,false,diagonal,qr_full,2208,75917,63102,74,323674
SU2,f64,1,64,false,diagonal,lq_compact,2208,67792,65260,65,355594
SU2,f64,1,64,false,diagonal,lq_full,2208,70084,72579,77,421978
SU2,f64,1,64,false,dense,qr_compact,2958,63833,62360,67,225278
SU2,f64,1,64,false,dense,qr_full,2958,67292,66002,72,290830
SU2,f64,1,64,false,dense,lq_compact,2958,65833,65333,63,322750
SU2,f64,1,64,false,dense,lq_full,2958,70541,71520,75,389134
SU2,f64,4,64,true,diagonal,qr_compact,3166,298042,252133,251,1296896
SU2,f64,4,64,true,diagonal,qr_full,3166,274000,265027,251,1551000
SU2,f64,4,64,true,diagonal,lq_compact,3166,268958,264987,248,1328496
SU2,f64,4,64,true,diagonal,lq_full,3166,277333,284818,263,1944216
SU2,f64,4,64,true,dense,qr_compact,4500,254834,251218,249,1165680
SU2,f64,4,64,true,dense,qr_full,4500,263959,263781,249,1419784
SU2,f64,4,64,true,dense,lq_compact,4500,266417,263033,246,1197280
SU2,f64,4,64,true,dense,lq_full,4500,288917,282066,261,1813000
U1xF,f64,1,8,false,diagonal,qr_compact,15750,16125,3950,32,12612
U1xF,f64,1,8,false,diagonal,qr_full,15750,9417,4133,37,13652
U1xF,f64,1,8,false,diagonal,lq_compact,15750,6584,3987,28,13316
U1xF,f64,1,8,false,diagonal,lq_full,15750,5959,4204,40,15188
U1xF,f64,1,8,false,dense,qr_compact,1750,5958,3875,30,12024
U1xF,f64,1,8,false,dense,qr_full,1750,5000,4033,35,13064
U1xF,f64,1,8,false,dense,lq_compact,1750,4666,3912,26,12728
U1xF,f64,1,8,false,dense,lq_full,1750,5000,4110,38,14600
U1xF,f64,4,8,true,diagonal,qr_compact,7625,20042,13977,103,56808
U1xF,f64,4,8,true,diagonal,qr_full,7625,16125,14002,103,52864
U1xF,f64,4,8,true,diagonal,lq_compact,7625,15500,14152,100,56152
U1xF,f64,4,8,true,diagonal,lq_full,7625,15542,14116,115,59008
U1xF,f64,4,8,true,dense,qr_compact,2083,15875,13795,101,54616
U1xF,f64,4,8,true,dense,qr_full,2083,14833,13879,101,50672
U1xF,f64,4,8,true,dense,lq_compact,2083,15708,14066,98,53960
U1xF,f64,4,8,true,dense,lq_full,2083,14959,14037,113,56816
U1xF,f64,1,64,false,diagonal,qr_compact,1708,64917,63060,69,258122
U1xF,f64,1,64,false,diagonal,qr_full,1708,64958,65850,74,323674
U1xF,f64,1,64,false,diagonal,lq_compact,1708,66083,65395,65,355594
U1xF,f64,1,64,false,diagonal,lq_full,1708,70917,70575,77,421978
U1xF,f64,1,64,false,dense,qr_compact,2625,64292,60783,67,225278
U1xF,f64,1,64,false,dense,qr_full,2625,68625,64152,72,290830
U1xF,f64,1,64,false,dense,lq_compact,2625,66042,64993,63,322750
U1xF,f64,1,64,false,dense,lq_full,2625,71708,70018,75,389134
U1xF,f64,4,64,true,diagonal,qr_compact,3125,270750,251270,251,1296896
U1xF,f64,4,64,true,diagonal,qr_full,3125,269541,264643,251,1551000
U1xF,f64,4,64,true,diagonal,lq_compact,3125,267000,266577,248,1328496
U1xF,f64,4,64,true,diagonal,lq_full,3125,329416,286906,263,1944216
U1xF,f64,4,64,true,dense,qr_compact,8708,257375,251527,249,1165680
U1xF,f64,4,64,true,dense,qr_full,8708,265500,263166,249,1419784
U1xF,f64,4,64,true,dense,lq_compact,8708,271500,264783,246,1197280
U1xF,f64,4,64,true,dense,lq_full,8708,286125,283679,261,1813000
U1,c32,1,8,false,diagonal,qr_compact,5084,31125,3837,32,12612
U1,c32,1,8,false,diagonal,qr_full,5084,10417,3904,37,13652
U1,c32,1,8,false,diagonal,lq_compact,5084,17375,4089,28,13316
U1,c32,1,8,false,diagonal,lq_full,5084,5833,4204,40,15188
U1,c32,1,8,false,dense,qr_compact,1458,5583,3718,30,12024
U1,c32,1,8,false,dense,qr_full,1458,4667,3833,35,13064
U1,c32,1,8,false,dense,lq_compact,1458,4875,4008,26,12728
U1,c32,1,8,false,dense,lq_full,1458,4791,4112,38,14600
U1,c32,4,8,true,diagonal,qr_compact,4750,19792,13818,103,56808
U1,c32,4,8,true,diagonal,qr_full,4750,14916,13258,103,52864
U1,c32,4,8,true,diagonal,lq_compact,4750,16125,14995,100,56152
U1,c32,4,8,true,diagonal,lq_full,4750,15541,14543,115,59008
U1,c32,4,8,true,dense,qr_compact,1708,15667,13631,101,54616
U1,c32,4,8,true,dense,qr_full,1708,14083,13077,101,50672
U1,c32,4,8,true,dense,lq_compact,1708,15833,14806,98,53960
U1,c32,4,8,true,dense,lq_full,1708,15375,14360,113,56816
U1,c32,1,64,false,diagonal,qr_compact,1250,172458,96639,76,280635
U1,c32,1,64,false,diagonal,qr_full,1250,104875,99035,81,346187
U1,c32,1,64,false,diagonal,lq_compact,1250,107834,107039,72,378107
U1,c32,1,64,false,diagonal,lq_full,1250,115208,113720,84,444491
U1,c32,1,64,false,dense,qr_compact,2584,99750,95931,74,247791
U1,c32,1,64,false,dense,qr_full,2584,104709,99297,79,313343
U1,c32,1,64,false,dense,lq_compact,2584,110375,106870,70,345263
U1,c32,1,64,false,dense,lq_full,2584,111625,113825,82,411647
U1,c32,4,64,true,diagonal,qr_compact,3583,401125,392408,279,1386948
U1,c32,4,64,true,diagonal,qr_full,3583,412625,404752,279,1641052
U1,c32,4,64,true,diagonal,lq_compact,3583,432834,431331,276,1418548
U1,c32,4,64,true,diagonal,lq_full,3583,469875,455247,291,2034268
U1,c32,4,64,true,dense,qr_compact,6958,394291,392166,277,1255732
U1,c32,4,64,true,dense,qr_full,6958,410916,403893,277,1509836
U1,c32,4,64,true,dense,lq_compact,6958,432333,431214,274,1287332
U1,c32,4,64,true,dense,lq_full,6958,460166,455287,289,1903052
SU2,c32,1,8,false,diagonal,qr_compact,6833,17833,3968,32,12612
SU2,c32,1,8,false,diagonal,qr_full,6833,12208,4066,37,13652
SU2,c32,1,8,false,diagonal,lq_compact,6833,8375,4241,28,13316
SU2,c32,1,8,false,diagonal,lq_full,6833,7167,4345,40,15188
SU2,c32,1,8,false,dense,qr_compact,2833,7500,3862,30,12024
SU2,c32,1,8,false,dense,qr_full,2833,13292,4077,35,13064
SU2,c32,1,8,false,dense,lq_compact,2833,7250,4352,26,12728
SU2,c32,1,8,false,dense,lq_full,2833,7750,4308,38,14600
SU2,c32,4,8,true,diagonal,qr_compact,5125,24667,14452,103,56808
SU2,c32,4,8,true,diagonal,qr_full,5125,18083,13625,103,52864
SU2,c32,4,8,true,diagonal,lq_compact,5125,19084,15250,100,56152
SU2,c32,4,8,true,diagonal,lq_full,5125,16584,14843,115,59008
SU2,c32,4,8,true,dense,qr_compact,2958,17708,13900,101,54616
SU2,c32,4,8,true,dense,qr_full,2958,14667,13300,101,50672
SU2,c32,4,8,true,dense,lq_compact,2958,16541,15127,98,53960
SU2,c32,4,8,true,dense,lq_full,2958,15500,14591,113,56816
SU2,c32,1,64,false,diagonal,qr_compact,2875,109250,99297,76,280635
SU2,c32,1,64,false,diagonal,qr_full,2875,102000,101506,81,346187
SU2,c32,1,64,false,diagonal,lq_compact,2875,110208,107481,72,378107
SU2,c32,1,64,false,diagonal,lq_full,2875,113583,114145,84,444491
SU2,c32,1,64,false,dense,qr_compact,2834,98917,95875,74,247791
SU2,c32,1,64,false,dense,qr_full,2834,105708,100939,79,313343
SU2,c32,1,64,false,dense,lq_compact,2834,108375,106487,70,345263
SU2,c32,1,64,false,dense,lq_full,2834,112083,113179,82,411647
SU2,c32,4,64,true,diagonal,qr_compact,4042,395583,392495,279,1386948
SU2,c32,4,64,true,diagonal,qr_full,4042,405125,404456,279,1641052
SU2,c32,4,64,true,diagonal,lq_compact,4042,436792,433812,276,1418548
SU2,c32,4,64,true,diagonal,lq_full,4042,455375,455920,291,2034268
SU2,c32,4,64,true,dense,qr_compact,7791,403750,393612,277,1255732
SU2,c32,4,64,true,dense,qr_full,7791,425292,404302,277,1509836
SU2,c32,4,64,true,dense,lq_compact,7791,436958,430193,274,1287332
SU2,c32,4,64,true,dense,lq_full,7791,459667,454633,289,1903052
U1xF,c32,1,8,false,diagonal,qr_compact,15834,10375,4002,32,12612
U1xF,c32,1,8,false,diagonal,qr_full,15834,6792,4112,37,13652
U1xF,c32,1,8,false,diagonal,lq_compact,15834,6417,4302,28,13316
U1xF,c32,1,8,false,diagonal,lq_full,15834,7250,4385,40,15188
U1xF,c32,1,8,false,dense,qr_compact,1500,5417,3900,30,12024
U1xF,c32,1,8,false,dense,qr_full,1500,4750,4010,35,13064
U1xF,c32,1,8,false,dense,lq_compact,1500,5250,4218,26,12728
U1xF,c32,1,8,false,dense,lq_full,1500,4917,4325,38,14600
U1xF,c32,4,8,true,diagonal,qr_compact,3959,18708,14343,103,56808
U1xF,c32,4,8,true,diagonal,qr_full,3959,15458,13781,103,52864
U1xF,c32,4,8,true,diagonal,lq_compact,3959,16500,15295,100,56152
U1xF,c32,4,8,true,diagonal,lq_full,3959,16125,14952,115,59008
U1xF,c32,4,8,true,dense,qr_compact,2000,15958,14052,101,54616
U1xF,c32,4,8,true,dense,qr_full,2000,14750,13581,101,50672
U1xF,c32,4,8,true,dense,lq_compact,2000,16167,15152,98,53960
U1xF,c32,4,8,true,dense,lq_full,2000,15625,14795,113,56816
U1xF,c32,1,64,false,diagonal,qr_compact,1750,99792,97706,76,280635
U1xF,c32,1,64,false,diagonal,qr_full,1750,100750,99356,81,346187
U1xF,c32,1,64,false,diagonal,lq_compact,1750,112542,108902,72,378107
U1xF,c32,1,64,false,diagonal,lq_full,1750,113459,114137,84,444491
U1xF,c32,1,64,false,dense,qr_compact,4875,105250,97597,74,247791
U1xF,c32,1,64,false,dense,qr_full,4875,105500,100643,79,313343
U1xF,c32,1,64,false,dense,lq_compact,4875,109708,108329,70,345263
U1xF,c32,1,64,false,dense,lq_full,4875,113417,113752,82,411647
U1xF,c32,4,64,true,diagonal,qr_compact,5083,411292,393247,279,1386948
U1xF,c32,4,64,true,diagonal,qr_full,5083,404875,405768,279,1641052
U1xF,c32,4,64,true,diagonal,lq_compact,5083,431708,433454,276,1418548
U1xF,c32,4,64,true,diagonal,lq_full,5083,465708,456110,291,2034268
U1xF,c32,4,64,true,dense,qr_compact,7583,403833,391600,277,1255732
U1xF,c32,4,64,true,dense,qr_full,7583,404833,404237,277,1509836
U1xF,c32,4,64,true,dense,lq_compact,7583,438833,431000,274,1287332
U1xF,c32,4,64,true,dense,lq_full,7583,454583,454710,289,1903052
U1,c64,1,8,false,diagonal,qr_compact,5667,18416,3808,32,15172
U1,c64,1,8,false,diagonal,qr_full,5667,7834,3885,37,17236
U1,c64,1,8,false,diagonal,lq_compact,5667,10000,4054,28,17412
U1,c64,1,8,false,diagonal,lq_full,5667,5875,4137,40,20308
U1,c64,1,8,false,dense,qr_compact,1583,5708,3733,30,14072
U1,c64,1,8,false,dense,qr_full,1583,4750,3775,35,16136
U1,c64,1,8,false,dense,lq_compact,1583,4833,3910,26,16312
U1,c64,1,8,false,dense,lq_full,1583,4792,4072,38,19208
U1,c64,4,8,true,diagonal,qr_compact,2958,20375,13647,103,71144
U1,c64,4,8,true,diagonal,qr_full,2958,15083,13300,103,71296
U1,c64,4,8,true,diagonal,lq_compact,2958,16167,14991,100,71000
U1,c64,4,8,true,diagonal,lq_full,2958,15666,14506,115,83584
U1,c64,4,8,true,dense,qr_compact,1750,15291,13483,101,66904
U1,c64,4,8,true,dense,qr_full,1750,14375,13147,101,67056
U1,c64,4,8,true,dense,lq_compact,1750,15875,14781,98,66760
U1,c64,4,8,true,dense,lq_full,1750,15250,14475,113,79344
U1,c64,1,64,false,diagonal,qr_compact,1625,226083,150022,76,873531
U1,c64,1,64,false,diagonal,qr_full,1625,163500,153212,81,1004619
U1,c64,1,64,false,diagonal,lq_compact,1625,167584,161302,72,1069307
U1,c64,1,64,false,diagonal,lq_full,1625,167167,164979,84,1201227
U1,c64,1,64,false,dense,qr_compact,6167,157375,148520,74,807919
U1,c64,1,64,false,dense,qr_full,6167,153000,152387,79,939007
U1,c64,1,64,false,dense,lq_compact,6167,170875,160081,70,1003695
U1,c64,1,64,false,dense,lq_full,6167,165417,163908,82,1135615
U1,c64,4,64,true,diagonal,qr_compact,5000,655167,599864,279,4020676
U1,c64,4,64,true,diagonal,qr_full,5000,620875,610758,279,4536924
U1,c64,4,64,true,diagonal,lq_compact,5000,647209,638495,276,4085044
U1,c64,4,64,true,diagonal,lq_full,5000,688208,659833,291,5323356
U1,c64,4,64,true,dense,qr_compact,8250,625875,603039,277,3758388
U1,c64,4,64,true,dense,qr_full,8250,673458,643889,277,4274636
U1,c64,4,64,true,dense,lq_compact,8250,696208,659756,274,3822756
U1,c64,4,64,true,dense,lq_full,8250,660166,656208,289,5061068
SU2,c64,1,8,false,diagonal,qr_compact,5667,13292,3866,32,15172
SU2,c64,1,8,false,diagonal,qr_full,5667,9834,3943,37,17236
SU2,c64,1,8,false,diagonal,lq_compact,5667,6292,4156,28,17412
SU2,c64,1,8,false,diagonal,lq_full,5667,6084,4227,40,20308
SU2,c64,1,8,false,dense,qr_compact,1667,5708,3806,30,14072
SU2,c64,1,8,false,dense,qr_full,1667,4750,3845,35,16136
SU2,c64,1,8,false,dense,lq_compact,1667,4792,4066,26,16312
SU2,c64,1,8,false,dense,lq_full,1667,5208,4114,38,19208
SU2,c64,4,8,true,diagonal,qr_compact,2917,18250,13700,103,71144
SU2,c64,4,8,true,diagonal,qr_full,2917,15166,13350,103,71296
SU2,c64,4,8,true,diagonal,lq_compact,2917,16334,15054,100,71000
SU2,c64,4,8,true,diagonal,lq_full,2917,16083,14412,115,83584
SU2,c64,4,8,true,dense,qr_compact,1875,15417,13512,101,66904
SU2,c64,4,8,true,dense,qr_full,1875,14334,13143,101,67056
SU2,c64,4,8,true,dense,lq_compact,1875,15792,14806,98,66760
SU2,c64,4,8,true,dense,lq_full,1875,15375,14289,113,79344
SU2,c64,1,64,false,diagonal,qr_compact,1708,152792,149300,76,873531
SU2,c64,1,64,false,diagonal,qr_full,1708,164584,153160,81,1004619
SU2,c64,1,64,false,diagonal,lq_compact,1708,167209,160700,72,1069307
SU2,c64,1,64,false,diagonal,lq_full,1708,166084,164110,84,1201227
SU2,c64,1,64,false,dense,qr_compact,4125,158834,147941,74,807919
SU2,c64,1,64,false,dense,qr_full,4125,163583,152366,79,939007
SU2,c64,1,64,false,dense,lq_compact,4125,170750,159581,70,1003695
SU2,c64,1,64,false,dense,lq_full,4125,166250,163845,82,1135615
SU2,c64,4,64,true,diagonal,qr_compact,6000,691292,600822,279,4020676
SU2,c64,4,64,true,diagonal,qr_full,6000,634166,613966,279,4536924
SU2,c64,4,64,true,diagonal,lq_compact,6000,658458,639889,276,4085044
SU2,c64,4,64,true,diagonal,lq_full,6000,717500,662966,291,5323356
SU2,c64,4,64,true,dense,qr_compact,6958,621542,599185,277,3758388
SU2,c64,4,64,true,dense,qr_full,6958,620334,609883,277,4274636
SU2,c64,4,64,true,dense,lq_compact,6958,638417,643831,274,3822756
SU2,c64,4,64,true,dense,lq_full,6958,671583,695814,289,5061068
U1xF,c64,1,8,false,diagonal,qr_compact,13583,13458,3952,32,15172
U1xF,c64,1,8,false,diagonal,qr_full,13583,7292,4037,37,17236
U1xF,c64,1,8,false,diagonal,lq_compact,13583,7042,4214,28,17412
U1xF,c64,1,8,false,diagonal,lq_full,13583,5792,4379,40,20308
U1xF,c64,1,8,false,dense,qr_compact,1416,5334,3816,30,14072
U1xF,c64,1,8,false,dense,qr_full,1416,4750,3952,35,16136
U1xF,c64,1,8,false,dense,lq_compact,1416,5083,4091,26,16312
U1xF,c64,1,8,false,dense,lq_full,1416,5000,4247,38,19208
U1xF,c64,4,8,true,diagonal,qr_compact,3291,19208,13975,103,71144
U1xF,c64,4,8,true,diagonal,qr_full,3291,15833,13968,103,71296
U1xF,c64,4,8,true,diagonal,lq_compact,3291,16750,15322,100,71000
U1xF,c64,4,8,true,diagonal,lq_full,3291,16125,15335,115,83584
U1xF,c64,4,8,true,dense,qr_compact,2000,15583,13862,101,66904
U1xF,c64,4,8,true,dense,qr_full,2000,14500,13689,101,67056
U1xF,c64,4,8,true,dense,lq_compact,2000,17458,15202,98,66760
U1xF,c64,4,8,true,dense,lq_full,2000,16000,15010,113,79344
U1xF,c64,1,64,false,diagonal,qr_compact,1542,159958,151379,76,873531
U1xF,c64,1,64,false,diagonal,qr_full,1542,180709,153497,81,1004619
U1xF,c64,1,64,false,diagonal,lq_compact,1542,162542,160827,72,1069307
U1xF,c64,1,64,false,diagonal,lq_full,1542,165792,164970,84,1201227
U1xF,c64,1,64,false,dense,qr_compact,3375,151500,149912,74,807919
U1xF,c64,1,64,false,dense,qr_full,3375,163792,167068,79,939007
U1xF,c64,1,64,false,dense,lq_compact,3375,173958,185181,70,1003695
U1xF,c64,1,64,false,dense,lq_full,3375,177500,164168,82,1135615
U1xF,c64,4,64,true,diagonal,qr_compact,5000,644666,599368,279,4020676
U1xF,c64,4,64,true,diagonal,qr_full,5000,628333,611041,279,4536924
U1xF,c64,4,64,true,diagonal,lq_compact,5000,642291,640131,276,4085044
U1xF,c64,4,64,true,diagonal,lq_full,5000,720500,661116,291,5323356
U1xF,c64,4,64,true,dense,qr_compact,6750,636958,623672,277,3758388
U1xF,c64,4,64,true,dense,qr_full,6750,637917,640493,277,4274636
U1xF,c64,4,64,true,dense,lq_compact,6750,677916,635941,274,3822756
U1xF,c64,4,64,true,dense,lq_full,6750,665541,658704,289,5061068
