family,dtype,sectors,k,dual,storage,operation,baseline_median_ns,baseline_median_ns_min,baseline_median_ns_max,baseline_alloc_calls,baseline_alloc_calls_min,baseline_alloc_calls_max,baseline_alloc_bytes,baseline_alloc_bytes_min,baseline_alloc_bytes_max,candidate_median_ns,candidate_median_ns_min,candidate_median_ns_max,candidate_alloc_calls,candidate_alloc_calls_min,candidate_alloc_calls_max,candidate_alloc_bytes,candidate_alloc_bytes_min,candidate_alloc_bytes_max,speedup
U1,f32,1,8,false,diagonal,qr_compact,3729,3312,3795,32,32,32,11844,11844,11844,175,172,270,9,9,9,588,588,588,21.30857142857143
U1,f32,1,8,false,diagonal,qr_full,3843,3722,3891,37,37,37,12372,12372,12372,172,170,270,9,9,9,588,588,588,22.343023255813954
U1,f32,1,8,false,diagonal,lq_compact,3722,3645,3758,28,28,28,11780,11780,11780,177,175,277,9,9,9,588,588,588,21.028248587570623
U1,f32,1,8,false,diagonal,lq_full,3889,3841,3939,40,40,40,13140,13140,13140,195,175,275,9,9,9,588,588,588,19.943589743589744
U1,f32,1,8,false,dense,qr_compact,3670,3643,3743,30,30,30,11512,11512,11512,3662,3262,3816,30,30,30,11512,11512,11512,1.0021845985800109
U1,f32,1,8,false,dense,qr_full,3741,3641,3845,35,35,35,12040,12040,12040,3683,3295,3735,35,35,35,12040,12040,12040,1.015748031496063
U1,f32,1,8,false,dense,lq_compact,3668,3566,3708,26,26,26,11448,11448,11448,3741,3356,3785,26,26,26,11448,11448,11448,0.9804865009355788
U1,f32,1,8,false,dense,lq_full,3845,3781,3914,38,38,38,12808,12808,12808,3758,3354,3808,38,38,38,12808,12808,12808,1.0231506120276743
U1,f32,4,8,true,diagonal,qr_compact,14041,13777,14239,103,103,103,51688,51688,51688,375,370,481,15,15,15,1040,1040,1040,37.44266666666667
U1,f32,4,8,true,diagonal,qr_full,13460,13120,13883,103,103,103,45696,45696,45696,372,368,477,15,15,15,1040,1040,1040,36.18279569892473
U1,f32,4,8,true,diagonal,lq_compact,14308,14127,14541,100,100,100,50776,50776,50776,370,370,479,15,15,15,1040,1040,1040,38.67027027027027
U1,f32,4,8,true,diagonal,lq_full,13835,13600,13979,115,115,115,48768,48768,48768,372,368,470,15,15,15,1040,1040,1040,37.19086021505376
U1,f32,4,8,true,dense,qr_compact,13779,13504,13950,101,101,101,50520,50520,50520,13820,13643,17908,101,101,101,50520,50520,50520,0.9970332850940665
U1,f32,4,8,true,dense,qr_full,13397,13052,13741,101,101,101,44528,44528,44528,13072,12908,16035,101,101,101,44528,44528,44528,1.0248623011015912
U1,f32,4,8,true,dense,lq_compact,14110,13885,14333,98,98,98,49608,49608,49608,14570,14381,16825,98,98,98,49608,49608,49608,0.9684282772820865
U1,f32,4,8,true,dense,lq_full,13743,13452,13906,113,113,113,47600,47600,47600,13406,13262,14960,113,113,113,47600,47600,47600,1.025137997911383
U1,f32,1,64,false,diagonal,qr_compact,47525,47200,47633,67,67,67,155978,155978,155978,281,272,322,9,9,9,1036,1036,1036,169.12811387900356
U1,f32,1,64,false,diagonal,qr_full,48560,47660,48843,72,72,72,188762,188762,188762,279,272,322,9,9,9,1036,1036,1036,174.05017921146953
U1,f32,1,64,false,diagonal,lq_compact,50425,49991,50954,63,63,63,204298,204298,204298,283,277,327,9,9,9,1036,1036,1036,178.18021201413427
U1,f32,1,64,false,diagonal,lq_full,53368,52712,54645,75,75,75,237914,237914,237914,279,277,327,9,9,9,1036,1036,1036,191.2831541218638
U1,f32,1,64,false,dense,qr_compact,47168,46866,47650,65,65,65,139518,139518,139518,47041,46862,50050,65,65,65,139518,139518,139518,1.0026997725388491
U1,f32,1,64,false,dense,qr_full,48137,48095,48916,70,70,70,172302,172302,172302,47762,46968,48156,70,70,70,172302,172302,172302,1.0078514300071186
U1,f32,1,64,false,dense,lq_compact,50400,50189,50697,61,61,61,187838,187838,187838,52689,52514,53225,61,61,61,187838,187838,187838,0.9565563969709048
U1,f32,1,64,false,dense,lq_full,53262,52293,53595,73,73,73,221454,221454,221454,52210,51691,54789,73,73,73,221454,221454,221454,1.0201493966673052
U1,f32,4,64,true,diagonal,qr_compact,188345,187960,190200,243,243,243,757248,757248,757248,733,706,779,15,15,15,2832,2832,2832,256.95088676671213
U1,f32,4,64,true,diagonal,qr_full,194154,193718,196293,243,243,243,880280,880280,880280,725,712,770,15,15,15,2832,2832,2832,267.7986206896552
U1,f32,4,64,true,diagonal,lq_compact,200991,200058,202502,240,240,240,772464,772464,772464,731,708,783,15,15,15,2832,2832,2832,274.95348837209303
U1,f32,4,64,true,diagonal,lq_full,213308,209285,219937,255,255,255,1076888,1076888,1076888,735,714,779,15,15,15,2832,2832,2832,290.21496598639453
U1,f32,4,64,true,dense,qr_compact,188370,187422,188927,241,241,241,691568,691568,691568,187416,186216,189862,241,241,241,691568,691568,691568,1.0050902804456396
U1,f32,4,64,true,dense,qr_full,194570,190912,195104,241,241,241,814600,814600,814600,192843,191229,194708,241,241,241,814600,814600,814600,1.0089554715493951
U1,f32,4,64,true,dense,lq_compact,200222,199327,201625,238,238,238,706784,706784,706784,208760,206718,210518,238,238,238,706784,706784,706784,0.9591013604138724
U1,f32,4,64,true,dense,lq_full,212745,206814,216047,253,253,253,1011208,1011208,1011208,212875,210814,215260,253,253,253,1011208,1011208,1011208,0.9993893129770992
SU2,f32,1,8,false,diagonal,qr_compact,3875,3822,3891,32,32,32,11844,11844,11844,191,177,206,9,9,9,588,588,588,20.287958115183248
SU2,f32,1,8,false,diagonal,qr_full,3941,3897,3977,37,37,37,12372,12372,12372,193,189,200,9,9,9,588,588,588,20.419689119170986
SU2,f32,1,8,false,diagonal,lq_compact,3814,3795,3843,28,28,28,11780,11780,11780,197,191,204,9,9,9,588,588,588,19.360406091370557
SU2,f32,1,8,false,diagonal,lq_full,3985,3914,4035,40,40,40,13140,13140,13140,195,191,202,9,9,9,588,588,588,20.435897435897434
SU2,f32,1,8,false,dense,qr_compact,3764,3716,3789,30,30,30,11512,11512,11512,3760,3737,3854,30,30,30,11512,11512,11512,1.001063829787234
SU2,f32,1,8,false,dense,qr_full,3835,3785,3885,35,35,35,12040,12040,12040,3783,3702,3814,35,35,35,12040,12040,12040,1.013745704467354
SU2,f32,1,8,false,dense,lq_compact,3702,3681,3735,26,26,26,11448,11448,11448,3829,3781,3893,26,26,26,11448,11448,11448,0.9668320710368242
SU2,f32,1,8,false,dense,lq_full,3902,3847,3950,38,38,38,12808,12808,12808,3856,3827,3956,38,38,38,12808,12808,12808,1.0119294605809128
SU2,f32,4,8,true,diagonal,qr_compact,13991,13891,14091,103,103,103,51688,51688,51688,366,360,375,15,15,15,1040,1040,1040,38.22677595628415
SU2,f32,4,8,true,diagonal,qr_full,13433,13154,13752,103,103,103,45696,45696,45696,364,358,377,15,15,15,1040,1040,1040,36.90384615384615
SU2,f32,4,8,true,diagonal,lq_compact,14341,14170,14395,100,100,100,50776,50776,50776,366,362,381,15,15,15,1040,1040,1040,39.18306010928962
SU2,f32,4,8,true,diagonal,lq_full,13802,13458,14012,115,115,115,48768,48768,48768,366,360,381,15,15,15,1040,1040,1040,37.7103825136612
SU2,f32,4,8,true,dense,qr_compact,13847,13781,13947,101,101,101,50520,50520,50520,13835,13758,14093,101,101,101,50520,50520,50520,1.0008673653776654
SU2,f32,4,8,true,dense,qr_full,13275,13091,13520,101,101,101,44528,44528,44528,13141,12916,13304,101,101,101,44528,44528,44528,1.0101970930674986
SU2,f32,4,8,true,dense,lq_compact,14147,13725,14354,98,98,98,49608,49608,49608,14604,14470,14818,98,98,98,49608,49608,49608,0.9687072035058888
SU2,f32,4,8,true,dense,lq_full,13547,13368,13689,113,113,113,47600,47600,47600,13406,13306,13654,113,113,113,47600,47600,47600,1.0105176786513501
SU2,f32,1,64,false,diagonal,qr_compact,47368,47187,47637,67,67,67,155978,155978,155978,289,277,300,9,9,9,1036,1036,1036,163.9031141868512
SU2,f32,1,64,false,diagonal,qr_full,48410,48116,49347,72,72,72,188762,188762,188762,289,275,297,9,9,9,1036,1036,1036,167.50865051903114
SU2,f32,1,64,false,diagonal,lq_compact,50825,50560,51522,63,63,63,204298,204298,204298,293,279,302,9,9,9,1036,1036,1036,173.4641638225256
SU2,f32,1,64,false,diagonal,lq_full,52875,52587,53597,75,75,75,237914,237914,237914,291,279,302,9,9,9,1036,1036,1036,181.70103092783506
SU2,f32,1,64,false,dense,qr_compact,47097,46975,47254,65,65,65,139518,139518,139518,46897,45220,47179,65,65,65,139518,139518,139518,1.0042646651171716
SU2,f32,1,64,false,dense,qr_full,48329,48012,48708,70,70,70,172302,172302,172302,48016,47004,48281,70,70,70,172302,172302,172302,1.0065186604465177
SU2,f32,1,64,false,dense,lq_compact,50439,49397,50604,61,61,61,187838,187838,187838,52722,52160,53077,61,61,61,187838,187838,187838,0.9566973938773188
SU2,f32,1,64,false,dense,lq_full,52531,51887,52645,73,73,73,221454,221454,221454,52854,51647,53868,73,73,73,221454,221454,221454,0.9938888258220759
SU2,f32,4,64,true,diagonal,qr_compact,188535,187212,189735,243,243,243,757248,757248,757248,775,729,779,15,15,15,2832,2832,2832,243.2709677419355
SU2,f32,4,64,true,diagonal,qr_full,194581,193245,195704,243,243,243,880280,880280,880280,768,706,779,15,15,15,2832,2832,2832,253.36067708333334
SU2,f32,4,64,true,diagonal,lq_compact,201008,199695,201760,240,240,240,772464,772464,772464,775,710,777,15,15,15,2832,2832,2832,259.3651612903226
SU2,f32,4,64,true,diagonal,lq_full,210700,210385,213710,255,255,255,1076888,1076888,1076888,775,714,781,15,15,15,2832,2832,2832,271.8709677419355
SU2,f32,4,64,true,dense,qr_compact,188445,187591,188839,241,241,241,691568,691568,691568,187295,185685,190045,241,241,241,691568,691568,691568,1.0061400464507861
SU2,f32,4,64,true,dense,qr_full,193422,192708,197700,241,241,241,814600,814600,814600,192772,190731,194110,241,241,241,814600,814600,814600,1.0033718589836698
SU2,f32,4,64,true,dense,lq_compact,199610,198937,200883,238,238,238,706784,706784,706784,210029,208397,210527,238,238,238,706784,706784,706784,0.9503925648362845
SU2,f32,4,64,true,dense,lq_full,210325,209875,215614,253,253,253,1011208,1011208,1011208,211739,206995,214200,253,253,253,1011208,1011208,1011208,0.9933219671387888
U1xF,f32,1,8,false,diagonal,qr_compact,3887,3852,3952,32,32,32,11844,11844,11844,195,177,233,9,9,9,588,588,588,19.933333333333334
U1xF,f32,1,8,false,diagonal,qr_full,4008,3916,4070,37,37,37,12372,12372,12372,195,177,233,9,9,9,588,588,588,20.553846153846155
U1xF,f32,1,8,false,diagonal,lq_compact,3829,3768,3875,28,28,28,11780,11780,11780,195,181,235,9,9,9,588,588,588,19.635897435897437
U1xF,f32,1,8,false,diagonal,lq_full,4060,4010,4129,40,40,40,13140,13140,13140,197,179,233,9,9,9,588,588,588,20.609137055837564
U1xF,f32,1,8,false,dense,qr_compact,3812,3760,3862,30,30,30,11512,11512,11512,3829,3462,4079,30,30,30,11512,11512,11512,0.9955601984852442
U1xF,f32,1,8,false,dense,qr_full,3877,3843,3964,35,35,35,12040,12040,12040,3885,3635,4118,35,35,35,12040,12040,12040,0.9979407979407979
U1xF,f32,1,8,false,dense,lq_compact,3739,3714,3779,26,26,26,11448,11448,11448,3877,3864,4095,26,26,26,11448,11448,11448,0.9644054681454733
U1xF,f32,1,8,false,dense,lq_full,3991,3935,4022,38,38,38,12808,12808,12808,4002,3941,4252,38,38,38,12808,12808,12808,0.9972513743128436
U1xF,f32,4,8,true,diagonal,qr_compact,14200,13975,14383,103,103,103,51688,51688,51688,364,329,443,15,15,15,1040,1040,1040,39.010989010989015
U1xF,f32,4,8,true,diagonal,qr_full,13860,13556,14141,103,103,103,45696,45696,45696,360,354,443,15,15,15,1040,1040,1040,38.5
U1xF,f32,4,8,true,diagonal,lq_compact,14556,14331,14725,100,100,100,50776,50776,50776,366,360,435,15,15,15,1040,1040,1040,39.77049180327869
U1xF,f32,4,8,true,diagonal,lq_full,14187,13952,14302,115,115,115,48768,48768,48768,368,358,441,15,15,15,1040,1040,1040,38.55163043478261
U1xF,f32,4,8,true,dense,qr_compact,14104,14039,14227,101,101,101,50520,50520,50520,14010,13654,14485,101,101,101,50520,50520,50520,1.0067094932191292
U1xF,f32,4,8,true,dense,qr_full,13791,13304,14020,101,101,101,44528,44528,44528,13443,13404,13822,101,101,101,44528,44528,44528,1.0258870787770586
U1xF,f32,4,8,true,dense,lq_compact,14437,14322,14600,98,98,98,49608,49608,49608,14741,14685,15212,98,98,98,49608,49608,49608,0.9793772471338443
U1xF,f32,4,8,true,dense,lq_full,13979,13860,14272,113,113,113,47600,47600,47600,13843,13610,14295,113,113,113,47600,47600,47600,1.0098244600158925
U1xF,f32,1,64,false,diagonal,qr_compact,47293,47143,47510,67,67,67,155978,155978,155978,291,281,364,9,9,9,1036,1036,1036,162.5189003436426
U1xF,f32,1,64,false,diagonal,qr_full,48583,47868,49004,72,72,72,188762,188762,188762,293,254,368,9,9,9,1036,1036,1036,165.8122866894198
U1xF,f32,1,64,false,diagonal,lq_compact,50977,50139,51168,63,63,63,204298,204298,204298,295,285,377,9,9,9,1036,1036,1036,172.80338983050848
U1xF,f32,1,64,false,diagonal,lq_full,52700,52462,54362,75,75,75,237914,237914,237914,295,287,379,9,9,9,1036,1036,1036,178.64406779661016
U1xF,f32,1,64,false,dense,qr_compact,47281,46897,47350,65,65,65,139518,139518,139518,47125,46908,47543,65,65,65,139518,139518,139518,1.0033103448275862
U1xF,f32,1,64,false,dense,qr_full,48104,48035,48716,70,70,70,172302,172302,172302,48231,48093,48631,70,70,70,172302,172302,172302,0.9973668387551575
U1xF,f32,1,64,false,dense,lq_compact,50572,50356,51072,61,61,61,187838,187838,187838,53141,52889,53441,61,61,61,187838,187838,187838,0.9516569127415743
U1xF,f32,1,64,false,dense,lq_full,52614,52397,52868,73,73,73,221454,221454,221454,52472,51895,54318,73,73,73,221454,221454,221454,1.0027062052142095
U1xF,f32,4,64,true,diagonal,qr_compact,188889,188175,189827,243,243,243,757248,757248,757248,772,718,779,15,15,15,2832,2832,2832,244.67487046632124
U1xF,f32,4,64,true,diagonal,qr_full,194608,192154,196102,243,243,243,880280,880280,880280,772,712,779,15,15,15,2832,2832,2832,252.08290155440415
U1xF,f32,4,64,true,diagonal,lq_compact,201122,199756,201266,240,240,240,772464,772464,772464,779,716,785,15,15,15,2832,2832,2832,258.17971758664953
U1xF,f32,4,64,true,diagonal,lq_full,212793,211033,214093,255,255,255,1076888,1076888,1076888,779,710,783,15,15,15,2832,2832,2832,273.1617458279846
U1xF,f32,4,64,true,dense,qr_compact,189441,186625,190818,241,241,241,691568,691568,691568,188020,187608,189550,241,241,241,691568,691568,691568,1.0075577066269545
U1xF,f32,4,64,true,dense,qr_full,194379,193227,195179,241,241,241,814600,814600,814600,194331,191456,195914,241,241,241,814600,814600,814600,1.0002470012504439
U1xF,f32,4,64,true,dense,lq_compact,200793,199708,201275,238,238,238,706784,706784,706784,210725,208625,211516,238,238,238,706784,706784,706784,0.9528674813145094
U1xF,f32,4,64,true,dense,lq_full,210220,209183,211593,253,253,253,1011208,1011208,1011208,212477,207958,217070,253,253,253,1011208,1011208,1011208,0.9893776738188134
U1,f64,1,8,false,diagonal,qr_compact,3808,3752,3856,32,32,32,12612,12612,12612,195,175,195,9,9,9,652,652,652,19.52820512820513
U1,f64,1,8,false,diagonal,qr_full,3927,3812,4012,37,37,37,13652,13652,13652,195,189,202,9,9,9,652,652,652,20.138461538461538
U1,f64,1,8,false,diagonal,lq_compact,3804,3764,3933,28,28,28,13316,13316,13316,197,193,200,9,9,9,652,652,652,19.309644670050762
U1,f64,1,8,false,diagonal,lq_full,4068,3954,4095,40,40,40,15188,15188,15188,197,193,200,9,9,9,652,652,652,20.6497461928934
U1,f64,1,8,false,dense,qr_compact,3689,3639,3783,30,30,30,12024,12024,12024,3752,3729,3812,30,30,30,12024,12024,12024,0.9832089552238806
U1,f64,1,8,false,dense,qr_full,3850,3722,3939,35,35,35,13064,13064,13064,3839,3777,3889,35,35,35,13064,13064,13064,1.002865329512894
U1,f64,1,8,false,dense,lq_compact,3706,3668,3812,26,26,26,12728,12728,12728,3897,3877,3922,26,26,26,12728,12728,12728,0.9509879394405953
U1,f64,1,8,false,dense,lq_full,4002,3889,4018,38,38,38,14600,14600,14600,4004,3979,4054,38,38,38,14600,14600,14600,0.9995004995004995
U1,f64,4,8,true,diagonal,qr_compact,13854,13529,14362,103,103,103,56808,56808,56808,370,364,379,15,15,15,1296,1296,1296,37.443243243243245
U1,f64,4,8,true,diagonal,qr_full,13504,12933,13827,103,103,103,52864,52864,52864,368,364,379,15,15,15,1296,1296,1296,36.69565217391305
U1,f64,4,8,true,diagonal,lq_compact,14066,13812,14497,100,100,100,56152,56152,56152,370,368,379,15,15,15,1296,1296,1296,38.016216216216215
U1,f64,4,8,true,diagonal,lq_full,14072,13533,14202,115,115,115,59008,59008,59008,377,370,381,15,15,15,1296,1296,1296,37.326259946949605
U1,f64,4,8,true,dense,qr_compact,13725,13341,14056,101,101,101,54616,54616,54616,13683,13616,14029,101,101,101,54616,54616,54616,1.0030695023021268
U1,f64,4,8,true,dense,qr_full,13227,12850,13635,101,101,101,50672,50672,50672,13160,12918,13231,101,101,101,50672,50672,50672,1.0050911854103344
U1,f64,4,8,true,dense,lq_compact,13952,13683,14362,98,98,98,53960,53960,53960,14243,14102,14614,98,98,98,53960,53960,53960,0.9795689110440217
U1,f64,4,8,true,dense,lq_full,13772,13429,13977,113,113,113,56816,56816,56816,13808,13637,13908,113,113,113,56816,56816,56816,0.9973928157589803
U1,f64,1,64,false,diagonal,qr_compact,62375,60718,62922,69,69,69,258122,258122,258122,335,320,341,9,9,9,1548,1548,1548,186.19402985074626
U1,f64,1,64,false,diagonal,qr_full,63387,63037,66056,74,74,74,323674,323674,323674,335,318,343,9,9,9,1548,1548,1548,189.21492537313432
U1,f64,1,64,false,diagonal,lq_compact,64716,64239,65154,65,65,65,355594,355594,355594,337,322,356,9,9,9,1548,1548,1548,192.03560830860533
U1,f64,1,64,false,diagonal,lq_full,70641,69377,71220,77,77,77,421978,421978,421978,335,320,358,9,9,9,1548,1548,1548,210.86865671641792
U1,f64,1,64,false,dense,qr_compact,61739,61639,61933,67,67,67,225278,225278,225278,60989,60183,62006,67,67,67,225278,225278,225278,1.012297299513027
U1,f64,1,64,false,dense,qr_full,63708,62891,65497,72,72,72,290830,290830,290830,62975,62085,65420,72,72,72,290830,290830,290830,1.0116395394998015
U1,f64,1,64,false,dense,lq_compact,64627,64325,65522,63,63,63,322750,322750,322750,66887,66402,67229,63,63,63,322750,322750,322750,0.9662116704292314
U1,f64,1,64,false,dense,lq_full,69881,69020,70131,75,75,75,389134,389134,389134,70095,69600,70879,75,75,75,389134,389134,389134,0.9969470004993224
U1,f64,4,64,true,diagonal,qr_compact,251020,250314,251579,251,251,251,1296896,1296896,1296896,943,893,995,15,15,15,4880,4880,4880,266.1930010604454
U1,f64,4,64,true,diagonal,qr_full,262920,259975,263729,251,251,251,1551000,1551000,1551000,939,897,993,15,15,15,4880,4880,4880,280.0
U1,f64,4,64,true,diagonal,lq_compact,264612,260022,265793,248,248,248,1328496,1328496,1328496,943,912,991,15,15,15,4880,4880,4880,280.60657476139977
U1,f64,4,64,true,diagonal,lq_full,285197,278568,288979,263,263,263,1944216,1944216,1944216,943,906,989,15,15,15,4880,4880,4880,302.43584305408274
U1,f64,4,64,true,dense,qr_compact,250131,249362,251004,249,249,249,1165680,1165680,1165680,249975,247402,251243,249,249,249,1165680,1165680,1165680,1.0006240624062406
U1,f64,4,64,true,dense,qr_full,262697,258350,263860,249,249,249,1419784,1419784,1419784,261343,255662,263016,249,249,249,1419784,1419784,1419784,1.0051809308074064
U1,f64,4,64,true,dense,lq_compact,263660,262427,264210,246,246,246,1197280,1197280,1197280,270052,268308,271835,246,246,246,1197280,1197280,1197280,0.9763304844992816
U1,f64,4,64,true,dense,lq_full,282593,280672,287643,261,261,261,1813000,1813000,1813000,282281,278352,284308,261,261,261,1813000,1813000,1813000,1.001105281616545
SU2,f64,1,8,false,diagonal,qr_compact,3816,3731,3933,32,32,32,12612,12612,12612,195,179,208,9,9,9,652,652,652,19.56923076923077
SU2,f64,1,8,false,diagonal,qr_full,3937,3800,4068,37,37,37,13652,13652,13652,193,177,202,9,9,9,652,652,652,20.39896373056995
SU2,f64,1,8,false,diagonal,lq_compact,3818,3752,3972,28,28,28,13316,13316,13316,200,193,208,9,9,9,652,652,652,19.09
SU2,f64,1,8,false,diagonal,lq_full,4089,4004,4131,40,40,40,15188,15188,15188,200,191,208,9,9,9,652,652,652,20.445
SU2,f64,1,8,false,dense,qr_compact,3733,3656,3862,30,30,30,12024,12024,12024,3781,3737,3852,30,30,30,12024,12024,12024,0.9873049457815393
SU2,f64,1,8,false,dense,qr_full,3858,3722,3981,35,35,35,13064,13064,13064,3862,3812,3877,35,35,35,13064,13064,13064,0.9989642672190575
SU2,f64,1,8,false,dense,lq_compact,3743,3691,3879,26,26,26,12728,12728,12728,3929,3841,3950,26,26,26,12728,12728,12728,0.9526597098498346
SU2,f64,1,8,false,dense,lq_full,4010,3918,4064,38,38,38,14600,14600,14600,4020,3964,4066,38,38,38,14600,14600,14600,0.9975124378109452
SU2,f64,4,8,true,diagonal,qr_compact,13941,13743,13979,103,103,103,56808,56808,56808,368,360,385,15,15,15,1296,1296,1296,37.88315217391305
SU2,f64,4,8,true,diagonal,qr_full,13487,13077,13841,103,103,103,52864,52864,52864,372,356,387,15,15,15,1296,1296,1296,36.255376344086024
SU2,f64,4,8,true,diagonal,lq_compact,14079,13839,14200,100,100,100,56152,56152,56152,377,366,391,15,15,15,1296,1296,1296,37.3448275862069
SU2,f64,4,8,true,diagonal,lq_full,14031,13693,14218,115,115,115,59008,59008,59008,383,362,389,15,15,15,1296,1296,1296,36.63446475195823
SU2,f64,4,8,true,dense,qr_compact,13741,13502,13791,101,101,101,54616,54616,54616,13716,13577,13897,101,101,101,54616,54616,54616,1.0018226888305628
SU2,f64,4,8,true,dense,qr_full,13331,12920,13629,101,101,101,50672,50672,50672,13056,13000,13185,101,101,101,50672,50672,50672,1.021063112745098
SU2,f64,4,8,true,dense,lq_compact,13958,13708,13977,98,98,98,53960,53960,53960,14254,13543,14485,98,98,98,53960,53960,53960,0.9792338992563491
SU2,f64,4,8,true,dense,lq_full,13845,13479,14056,113,113,113,56816,56816,56816,13729,13179,14102,113,113,113,56816,56816,56816,1.008449267972904
SU2,f64,1,64,false,diagonal,qr_compact,61531,60306,62879,69,69,69,258122,258122,258122,329,322,345,9,9,9,1548,1548,1548,187.0243161094225
SU2,f64,1,64,false,diagonal,qr_full,62787,61931,63893,74,74,74,323674,323674,323674,333,325,341,9,9,9,1548,1548,1548,188.54954954954954
SU2,f64,1,64,false,diagonal,lq_compact,66229,64587,68214,65,65,65,355594,355594,355594,339,325,343,9,9,9,1548,1548,1548,195.36578171091446
SU2,f64,1,64,false,diagonal,lq_full,70145,69825,72579,77,77,77,421978,421978,421978,331,322,343,9,9,9,1548,1548,1548,211.91842900302115
SU2,f64,1,64,false,dense,qr_compact,62208,61633,64066,67,67,67,225278,225278,225278,60577,59720,62160,67,67,67,225278,225278,225278,1.026924410254717
SU2,f64,1,64,false,dense,qr_full,63887,61950,66002,72,72,72,290830,290830,290830,62283,61256,62943,72,72,72,290830,290830,290830,1.0257534158598653
SU2,f64,1,64,false,dense,lq_compact,64856,64462,65856,63,63,63,322750,322750,322750,67164,66289,69604,63,63,63,322750,322750,322750,0.9656363528080519
SU2,f64,1,64,false,dense,lq_full,70683,69645,71520,75,75,75,389134,389134,389134,70139,69133,71420,75,75,75,389134,389134,389134,1.0077560273171844
SU2,f64,4,64,true,diagonal,qr_compact,251875,250293,255197,251,251,251,1296896,1296896,1296896,922,906,979,15,15,15,4880,4880,4880,273.1832971800434
SU2,f64,4,64,true,diagonal,qr_full,263114,259835,265027,251,251,251,1551000,1551000,1551000,931,910,985,15,15,15,4880,4880,4880,282.6143931256713
SU2,f64,4,64,true,diagonal,lq_compact,263752,261397,264987,248,248,248,1328496,1328496,1328496,920,895,1002,15,15,15,4880,4880,4880,286.68695652173915
SU2,f64,4,64,true,diagonal,lq_full,284818,279793,289183,263,263,263,1944216,1944216,1944216,918,891,997,15,15,15,4880,4880,4880,310.25925925925924
SU2,f64,4,64,true,dense,qr_compact,250306,248195,251218,249,249,249,1165680,1165680,1165680,248785,245404,251356,249,249,249,1165680,1165680,1165680,1.0061137126434472
SU2,f64,4,64,true,dense,qr_full,263437,257839,263870,249,249,249,1419784,1419784,1419784,260764,257029,264229,249,249,249,1419784,1419784,1419784,1.010250648095596
SU2,f64,4,64,true,dense,lq_compact,262970,261037,263993,246,246,246,1197280,1197280,1197280,270593,269391,273208,246,246,246,1197280,1197280,1197280,0.9718285395409342
SU2,f64,4,64,true,dense,lq_full,282066,280464,284154,261,261,261,1813000,1813000,1813000,282327,277712,285602,261,261,261,1813000,1813000,1813000,0.9990755400652435
U1xF,f64,1,8,false,diagonal,qr_compact,3941,3904,4010,32,32,32,12612,12612,12612,197,197,197,9,9,9,652,652,652,20.00507614213198
U1xF,f64,1,8,false,diagonal,qr_full,4083,3995,4202,37,37,37,13652,13652,13652,197,195,200,9,9,9,652,652,652,20.725888324873097
U1xF,f64,1,8,false,diagonal,lq_compact,3954,3885,4072,28,28,28,13316,13316,13316,202,197,204,9,9,9,652,652,652,19.574257425742573
U1xF,f64,1,8,false,diagonal,lq_full,4264,4125,4306,40,40,40,15188,15188,15188,202,197,204,9,9,9,652,652,652,21.10891089108911
U1xF,f64,1,8,false,dense,qr_compact,3856,3802,3943,30,30,30,12024,12024,12024,3891,3818,4114,30,30,30,12024,12024,12024,0.9910048830634798
U1xF,f64,1,8,false,dense,qr_full,4010,3895,4125,35,35,35,13064,13064,13064,3987,3912,4197,35,35,35,13064,13064,13064,1.0057687484324054
U1xF,f64,1,8,false,dense,lq_compact,3866,3806,3977,26,26,26,12728,12728,12728,3989,3966,4231,26,26,26,12728,12728,12728,0.9691652043118576
U1xF,f64,1,8,false,dense,lq_full,4170,4047,4245,38,38,38,14600,14600,14600,4129,4087,4381,38,38,38,14600,14600,14600,1.0099297650762897
U1xF,f64,4,8,true,diagonal,qr_compact,14104,13977,14245,103,103,103,56808,56808,56808,379,362,379,15,15,15,1296,1296,1296,37.21372031662269
U1xF,f64,4,8,true,diagonal,qr_full,14002,13387,14189,103,103,103,52864,52864,52864,372,362,383,15,15,15,1296,1296,1296,37.63978494623656
U1xF,f64,4,8,true,diagonal,lq_compact,14235,14152,14479,100,100,100,56152,56152,56152,379,366,387,15,15,15,1296,1296,1296,37.559366754617415
U1xF,f64,4,8,true,diagonal,lq_full,14397,14116,14616,115,115,115,59008,59008,59008,377,368,385,15,15,15,1296,1296,1296,38.188328912466844
U1xF,f64,4,8,true,dense,qr_compact,14041,13795,14247,101,101,101,54616,54616,54616,14047,13912,14443,101,101,101,54616,54616,54616,0.9995728625329252
U1xF,f64,4,8,true,dense,qr_full,13810,12958,14066,101,101,101,50672,50672,50672,13539,13333,13820,101,101,101,50672,50672,50672,1.0200162493537188
U1xF,f64,4,8,true,dense,lq_compact,14066,13958,14329,98,98,98,53960,53960,53960,14681,14504,14808,98,98,98,53960,53960,53960,0.9581091206321095
U1xF,f64,4,8,true,dense,lq_full,14189,13960,14354,113,113,113,56816,56816,56816,14016,13975,14208,113,113,113,56816,56816,56816,1.0123430365296804
U1xF,f64,1,64,false,diagonal,qr_compact,62502,61100,63060,69,69,69,258122,258122,258122,343,327,345,9,9,9,1548,1548,1548,182.2215743440233
U1xF,f64,1,64,false,diagonal,qr_full,63695,62916,65850,74,74,74,323674,323674,323674,341,329,356,9,9,9,1548,1548,1548,186.78885630498533
U1xF,f64,1,64,false,diagonal,lq_compact,65254,64843,66639,65,65,65,355594,355594,355594,345,329,352,9,9,9,1548,1548,1548,189.14202898550724
U1xF,f64,1,64,false,diagonal,lq_full,70100,69864,70575,77,77,77,421978,421978,421978,345,333,347,9,9,9,1548,1548,1548,203.18840579710144
U1xF,f64,1,64,false,dense,qr_compact,61829,60143,63608,67,67,67,225278,225278,225278,61856,60664,63697,67,67,67,225278,225278,225278,0.9995635023279876
U1xF,f64,1,64,false,dense,qr_full,63025,62262,64152,72,72,72,290830,290830,290830,62637,61818,65391,72,72,72,290830,290830,290830,1.0061944218273544
U1xF,f64,1,64,false,dense,lq_compact,64914,64622,66220,63,63,63,322750,322750,322750,66852,66531,69783,63,63,63,322750,322750,322750,0.9710105905582481
U1xF,f64,1,64,false,dense,lq_full,69383,68995,70041,75,75,75,389134,389134,389134,69775,69020,70070,75,75,75,389134,389134,389134,0.994381941956288
U1xF,f64,4,64,true,diagonal,qr_compact,251245,249864,251391,251,251,251,1296896,1296896,1296896,914,883,997,15,15,15,4880,4880,4880,274.8851203501094
U1xF,f64,4,64,true,diagonal,qr_full,262518,256875,264643,251,251,251,1551000,1551000,1551000,939,891,991,15,15,15,4880,4880,4880,279.5718849840256
U1xF,f64,4,64,true,diagonal,lq_compact,264093,263325,266577,248,248,248,1328496,1328496,1328496,933,893,1006,15,15,15,4880,4880,4880,283.05787781350483
U1xF,f64,4,64,true,diagonal,lq_full,283275,280293,288154,263,263,263,1944216,1944216,1944216,933,897,995,15,15,15,4880,4880,4880,303.61736334405145
U1xF,f64,4,64,true,dense,qr_compact,250766,249456,251543,249,249,249,1165680,1165680,1165680,249410,248293,250131,249,249,249,1165680,1165680,1165680,1.0054368309209736
U1xF,f64,4,64,true,dense,qr_full,262085,257712,263483,249,249,249,1419784,1419784,1419784,261847,256008,262085,249,249,249,1419784,1419784,1419784,1.0009089277326073
U1xF,f64,4,64,true,dense,lq_compact,263391,262408,266629,246,246,246,1197280,1197280,1197280,269933,268414,270508,246,246,246,1197280,1197280,1197280,0.975764356340277
U1xF,f64,4,64,true,dense,lq_full,281827,280706,283679,261,261,261,1813000,1813000,1813000,282685,277993,284070,261,261,261,1813000,1813000,1813000,0.9969648194987354
U1,c32,1,8,false,diagonal,qr_compact,3789,3756,3837,32,32,32,12612,12612,12612,208,206,222,9,9,9,652,652,652,18.216346153846153
U1,c32,1,8,false,diagonal,qr_full,3864,3800,3904,37,37,37,13652,13652,13652,206,189,216,9,9,9,652,652,652,18.75728155339806
U1,c32,1,8,false,diagonal,lq_compact,4054,4018,4112,28,28,28,13316,13316,13316,212,189,222,9,9,9,652,652,652,19.12264150943396
U1,c32,1,8,false,diagonal,lq_full,4204,4116,4241,40,40,40,15188,15188,15188,212,208,222,9,9,9,652,652,652,19.830188679245282
U1,c32,1,8,false,dense,qr_compact,3712,3625,3725,30,30,30,12024,12024,12024,3656,3604,3854,30,30,30,12024,12024,12024,1.0153172866520788
U1,c32,1,8,false,dense,qr_full,3772,3695,3833,35,35,35,13064,13064,13064,3735,3672,3897,35,35,35,13064,13064,13064,1.0099062918340027
U1,c32,1,8,false,dense,lq_compact,3964,3935,4027,26,26,26,12728,12728,12728,3866,3833,4091,26,26,26,12728,12728,12728,1.02534919813761
U1,c32,1,8,false,dense,lq_full,4095,4039,4114,38,38,38,14600,14600,14600,4041,3966,4206,38,38,38,14600,14600,14600,1.0133630289532294
U1,c32,4,8,true,diagonal,qr_compact,13804,13622,13864,103,103,103,56808,56808,56808,420,408,427,15,15,15,1296,1296,1296,32.86666666666667
U1,c32,4,8,true,diagonal,qr_full,13179,13000,13258,103,103,103,52864,52864,52864,418,412,427,15,15,15,1296,1296,1296,31.528708133971293
U1,c32,4,8,true,diagonal,lq_compact,14906,14758,15004,100,100,100,56152,56152,56152,425,420,433,15,15,15,1296,1296,1296,35.072941176470586
U1,c32,4,8,true,diagonal,lq_full,14445,14289,14543,115,115,115,59008,59008,59008,422,418,429,15,15,15,1296,1296,1296,34.22985781990521
U1,c32,4,8,true,dense,qr_compact,13631,13500,13822,101,101,101,54616,54616,54616,13414,13381,13866,101,101,101,54616,54616,54616,1.0161771283733412
U1,c32,4,8,true,dense,qr_full,13041,12925,13077,101,101,101,50672,50672,50672,12908,12829,13327,101,101,101,50672,50672,50672,1.0103036876355749
U1,c32,4,8,true,dense,lq_compact,14764,14654,15102,98,98,98,53960,53960,53960,14433,14329,14816,98,98,98,53960,53960,53960,1.0229335550474608
U1,c32,4,8,true,dense,lq_full,14293,14150,14414,113,113,113,56816,56816,56816,14091,14062,14468,113,113,113,56816,56816,56816,1.0143353913845716
U1,c32,1,64,false,diagonal,qr_compact,96639,96279,97604,76,76,76,280635,280635,280635,454,452,477,9,9,9,1548,1548,1548,212.86123348017622
U1,c32,1,64,false,diagonal,qr_full,99241,97404,100060,81,81,81,346187,346187,346187,460,452,477,9,9,9,1548,1548,1548,215.7413043478261
U1,c32,1,64,false,diagonal,lq_compact,106841,106766,108308,72,72,72,378107,378107,378107,460,456,477,9,9,9,1548,1548,1548,232.26304347826087
U1,c32,1,64,false,diagonal,lq_full,113602,110385,114050,84,84,84,444491,444491,444491,464,458,479,9,9,9,1548,1548,1548,244.83189655172413
U1,c32,1,64,false,dense,qr_compact,95931,95670,96960,74,74,74,247791,247791,247791,96212,95475,97208,74,74,74,247791,247791,247791,0.9970793663992018
U1,c32,1,64,false,dense,qr_full,99297,98535,99997,79,79,79,313343,313343,313343,99327,97772,99975,79,79,79,313343,313343,313343,0.999697967320064
U1,c32,1,64,false,dense,lq_compact,106677,106441,106870,70,70,70,345263,345263,345263,106620,104531,108662,70,70,70,345263,345263,345263,1.00053460889139
U1,c32,1,64,false,dense,lq_full,112514,110627,113825,82,82,82,411647,411647,411647,112741,110154,113600,82,82,82,411647,411647,411647,0.9979865355105951
U1,c32,4,64,true,diagonal,qr_compact,391566,389262,392408,279,279,279,1386948,1386948,1386948,1414,1395,1454,15,15,15,4880,4880,4880,276.9207920792079
U1,c32,4,64,true,diagonal,qr_full,403620,400979,404760,279,279,279,1641052,1641052,1641052,1412,1395,1460,15,15,15,4880,4880,4880,285.8498583569405
U1,c32,4,64,true,diagonal,lq_compact,430814,427231,431427,276,276,276,1418548,1418548,1418548,1422,1402,1458,15,15,15,4880,4880,4880,302.9634317862166
U1,c32,4,64,true,diagonal,lq_full,453868,444293,456179,291,291,291,2034268,2034268,2034268,1422,1397,1460,15,15,15,4880,4880,4880,319.1758087201125
U1,c32,4,64,true,dense,qr_compact,391672,385835,392445,277,277,277,1255732,1255732,1255732,390785,384783,391427,277,277,277,1255732,1255732,1255732,1.0022697902938955
U1,c32,4,64,true,dense,qr_full,402337,399316,405039,277,277,277,1509836,1509836,1509836,402325,394864,404927,277,277,277,1509836,1509836,1509836,1.0000298266326975
U1,c32,4,64,true,dense,lq_compact,429587,428504,431277,274,274,274,1287332,1287332,1287332,427618,423406,428929,274,274,274,1287332,1287332,1287332,1.0046045769822598
U1,c32,4,64,true,dense,lq_full,454283,443133,455672,289,289,289,1903052,1903052,1903052,450187,441710,451279,289,289,289,1903052,1903052,1903052,1.009098441314387
SU2,c32,1,8,false,diagonal,qr_compact,3833,3777,3987,32,32,32,12612,12612,12612,214,210,227,9,9,9,652,652,652,17.911214953271028
SU2,c32,1,8,false,diagonal,qr_full,3904,3835,4066,37,37,37,13652,13652,13652,212,187,233,9,9,9,652,652,652,18.41509433962264
SU2,c32,1,8,false,diagonal,lq_compact,4104,4041,4289,28,28,28,13316,13316,13316,216,212,235,9,9,9,652,652,652,19.0
SU2,c32,1,8,false,diagonal,lq_full,4193,4147,4383,40,40,40,15188,15188,15188,216,212,231,9,9,9,652,652,652,19.412037037037038
SU2,c32,1,8,false,dense,qr_compact,3735,3685,3862,30,30,30,12024,12024,12024,3818,3762,3893,30,30,30,12024,12024,12024,0.9782608695652174
SU2,c32,1,8,false,dense,qr_full,3789,3772,4077,35,35,35,13064,13064,13064,3893,3812,3983,35,35,35,13064,13064,13064,0.9732853840226047
SU2,c32,1,8,false,dense,lq_compact,4018,3983,4352,26,26,26,12728,12728,12728,4012,3958,4137,26,26,26,12728,12728,12728,1.001495513459621
SU2,c32,1,8,false,dense,lq_full,4091,4052,4308,38,38,38,14600,14600,14600,4195,4120,4254,38,38,38,14600,14600,14600,0.9752085816448153
SU2,c32,4,8,true,diagonal,qr_compact,13941,13829,14452,103,103,103,56808,56808,56808,418,412,431,15,15,15,1296,1296,1296,33.35167464114833
SU2,c32,4,8,true,diagonal,qr_full,13239,13125,13625,103,103,103,52864,52864,52864,418,416,431,15,15,15,1296,1296,1296,31.672248803827753
SU2,c32,4,8,true,diagonal,lq_compact,15012,14958,15250,100,100,100,56152,56152,56152,429,414,433,15,15,15,1296,1296,1296,34.99300699300699
SU2,c32,4,8,true,diagonal,lq_full,14475,14356,14843,115,115,115,59008,59008,59008,422,412,435,15,15,15,1296,1296,1296,34.300947867298575
SU2,c32,4,8,true,dense,qr_compact,13691,13625,13900,101,101,101,54616,54616,54616,13681,13602,13977,101,101,101,54616,54616,54616,1.0007309407207075
SU2,c32,4,8,true,dense,qr_full,13064,12918,13300,101,101,101,50672,50672,50672,13170,12933,13220,101,101,101,50672,50672,50672,0.991951404707669
SU2,c32,4,8,true,dense,lq_compact,14970,14810,15389,98,98,98,53960,53960,53960,14702,14506,14866,98,98,98,53960,53960,53960,1.0182288124064753
SU2,c32,4,8,true,dense,lq_full,14279,14104,14797,113,113,113,56816,56816,56816,14275,14154,14429,113,113,113,56816,56816,56816,1.0002802101576183
SU2,c32,1,64,false,diagonal,qr_compact,99010,96322,99983,76,76,76,280635,280635,280635,472,458,483,9,9,9,1548,1548,1548,209.76694915254237
SU2,c32,1,64,false,diagonal,qr_full,100216,98270,101506,81,81,81,346187,346187,346187,477,460,483,9,9,9,1548,1548,1548,210.09643605870022
SU2,c32,1,64,false,diagonal,lq_compact,107481,106875,108581,72,72,72,378107,378107,378107,489,460,493,9,9,9,1548,1548,1548,219.79754601226995
SU2,c32,1,64,false,diagonal,lq_full,113233,110962,114960,84,84,84,444491,444491,444491,489,462,491,9,9,9,1548,1548,1548,231.560327198364
SU2,c32,1,64,false,dense,qr_compact,95910,94637,96958,74,74,74,247791,247791,247791,97083,94627,98808,74,74,74,247791,247791,247791,0.9879175550817342
SU2,c32,1,64,false,dense,qr_full,99514,98731,100939,79,79,79,313343,313343,313343,98983,97325,100937,79,79,79,313343,313343,313343,1.0053645575502863
SU2,c32,1,64,false,dense,lq_compact,106647,106481,107956,70,70,70,345263,345263,345263,106160,104720,107429,70,70,70,345263,345263,345263,1.004587415222306
SU2,c32,1,64,false,dense,lq_full,113179,110506,113700,82,82,82,411647,411647,411647,112043,110141,112150,82,82,82,411647,411647,411647,1.0101389645046992
SU2,c32,4,64,true,diagonal,qr_compact,392495,390310,394814,279,279,279,1386948,1386948,1386948,1431,1412,1483,15,15,15,4880,4880,4880,274.28022361984625
SU2,c32,4,64,true,diagonal,qr_full,404456,401202,408018,279,279,279,1641052,1641052,1641052,1435,1425,1481,15,15,15,4880,4880,4880,281.85087108013937
SU2,c32,4,64,true,diagonal,lq_compact,431212,426583,433812,276,276,276,1418548,1418548,1418548,1443,1425,1491,15,15,15,4880,4880,4880,298.83021483021486
SU2,c32,4,64,true,diagonal,lq_full,454872,444187,459687,291,291,291,2034268,2034268,2034268,1445,1420,1518,15,15,15,4880,4880,4880,314.7903114186851
SU2,c32,4,64,true,dense,qr_compact,391245,387408,393612,277,277,277,1255732,1255732,1255732,389647,383443,390768,277,277,277,1255732,1255732,1255732,1.0041011479621298
SU2,c32,4,64,true,dense,qr_full,404295,399908,404362,277,277,277,1509836,1509836,1509836,402429,396581,403560,277,277,277,1509836,1509836,1509836,1.0046368427722654
SU2,c32,4,64,true,dense,lq_compact,430193,429543,431193,274,274,274,1287332,1287332,1287332,427689,423125,438102,274,274,274,1287332,1287332,1287332,1.005854721538314
SU2,c32,4,64,true,dense,lq_full,454633,445316,455216,289,289,289,1903052,1903052,1903052,449156,440737,450150,289,289,289,1903052,1903052,1903052,1.0121939816010472
U1xF,c32,1,8,false,diagonal,qr_compact,4002,3952,4097,32,32,32,12612,12612,12612,210,197,222,9,9,9,652,652,652,19.057142857142857
U1xF,c32,1,8,false,diagonal,qr_full,4077,4022,4195,37,37,37,13652,13652,13652,212,208,216,9,9,9,652,652,652,19.2311320754717
U1xF,c32,1,8,false,diagonal,lq_compact,4272,4208,4395,28,28,28,13316,13316,13316,214,212,220,9,9,9,652,652,652,19.962616822429908
U1xF,c32,1,8,false,diagonal,lq_full,4370,4308,4558,40,40,40,15188,15188,15188,214,212,225,9,9,9,652,652,652,20.42056074766355
U1xF,c32,1,8,false,dense,qr_compact,3864,3806,4006,30,30,30,12024,12024,12024,3908,3816,4029,30,30,30,12024,12024,12024,0.9887410440122825
U1xF,c32,1,8,false,dense,qr_full,3979,3912,4108,35,35,35,13064,13064,13064,4000,3864,4135,35,35,35,13064,13064,13064,0.99475
U1xF,c32,1,8,false,dense,lq_compact,4141,4118,4289,26,26,26,12728,12728,12728,4114,4014,4243,26,26,26,12728,12728,12728,1.0065629557608167
U1xF,c32,1,8,false,dense,lq_full,4247,4218,4418,38,38,38,14600,14600,14600,4304,4166,4431,38,38,38,14600,14600,14600,0.9867565055762082
U1xF,c32,4,8,true,diagonal,qr_compact,14147,13827,14343,103,103,103,56808,56808,56808,425,416,427,15,15,15,1296,1296,1296,33.287058823529414
U1xF,c32,4,8,true,diagonal,qr_full,13754,13518,13781,103,103,103,52864,52864,52864,429,416,435,15,15,15,1296,1296,1296,32.06060606060606
U1xF,c32,4,8,true,diagonal,lq_compact,15295,15047,15416,100,100,100,56152,56152,56152,427,416,431,15,15,15,1296,1296,1296,35.81967213114754
U1xF,c32,4,8,true,diagonal,lq_full,14914,14727,15193,115,115,115,59008,59008,59008,427,420,429,15,15,15,1296,1296,1296,34.92740046838407
U1xF,c32,4,8,true,dense,qr_compact,13900,13781,14052,101,101,101,54616,54616,54616,13756,13668,13977,101,101,101,54616,54616,54616,1.0104681593486478
U1xF,c32,4,8,true,dense,qr_full,13422,13341,13581,101,101,101,50672,50672,50672,13310,13079,13539,101,101,101,50672,50672,50672,1.0084147257700977
U1xF,c32,4,8,true,dense,lq_compact,15112,14856,15156,98,98,98,53960,53960,53960,14683,13875,14989,98,98,98,53960,53960,53960,1.02921746237145
U1xF,c32,4,8,true,dense,lq_full,14781,14585,14835,113,113,113,56816,56816,56816,14418,14116,14754,113,113,113,56816,56816,56816,1.025176862255514
U1xF,c32,1,64,false,diagonal,qr_compact,97860,97335,99068,76,76,76,280635,280635,280635,460,458,487,9,9,9,1548,1548,1548,212.7391304347826
U1xF,c32,1,64,false,diagonal,qr_full,99356,98347,100618,81,81,81,346187,346187,346187,462,450,487,9,9,9,1548,1548,1548,215.05627705627705
U1xF,c32,1,64,false,diagonal,lq_compact,107525,107014,108918,72,72,72,378107,378107,378107,460,410,481,9,9,9,1548,1548,1548,233.75
U1xF,c32,1,64,false,diagonal,lq_full,114137,110408,115214,84,84,84,444491,444491,444491,460,452,481,9,9,9,1548,1548,1548,248.12391304347827
U1xF,c32,1,64,false,dense,qr_compact,96816,96141,98327,74,74,74,247791,247791,247791,96566,96004,98256,74,74,74,247791,247791,247791,1.0025889029264958
U1xF,c32,1,64,false,dense,qr_full,100112,98908,100643,79,79,79,313343,313343,313343,99135,98268,99891,79,79,79,313343,313343,313343,1.0098552478942855
U1xF,c32,1,64,false,dense,lq_compact,107287,106550,108341,70,70,70,345263,345263,345263,107477,105025,108966,70,70,70,345263,345263,345263,0.9982321799082594
U1xF,c32,1,64,false,dense,lq_full,113287,110062,114235,82,82,82,411647,411647,411647,112310,109756,112500,82,82,82,411647,411647,411647,1.0086991363191167
U1xF,c32,4,64,true,diagonal,qr_compact,392441,388812,395177,279,279,279,1386948,1386948,1386948,1416,1393,1443,15,15,15,4880,4880,4880,277.14759887005647
U1xF,c32,4,64,true,diagonal,qr_full,403435,400447,405768,279,279,279,1641052,1641052,1641052,1429,1385,1445,15,15,15,4880,4880,4880,282.3198040587824
U1xF,c32,4,64,true,diagonal,lq_compact,431564,427777,433454,276,276,276,1418548,1418548,1418548,1425,1395,1450,15,15,15,4880,4880,4880,302.8519298245614
U1xF,c32,4,64,true,diagonal,lq_full,455883,444556,456193,291,291,291,2034268,2034268,2034268,1418,1397,1450,15,15,15,4880,4880,4880,321.49717912552893
U1xF,c32,4,64,true,dense,qr_compact,390916,388033,392939,277,277,277,1255732,1255732,1255732,389772,384706,390918,277,277,277,1255732,1255732,1255732,1.0029350492082552
U1xF,c32,4,64,true,dense,qr_full,403456,401206,406562,277,277,277,1509836,1509836,1509836,402539,396550,407195,277,277,277,1509836,1509836,1509836,1.00227804014021
U1xF,c32,4,64,true,dense,lq_compact,430541,428825,431672,274,274,274,1287332,1287332,1287332,428064,421739,428962,274,274,274,1287332,1287332,1287332,1.0057865179038648
U1xF,c32,4,64,true,dense,lq_full,454710,445166,455387,289,289,289,1903052,1903052,1903052,448656,442170,451202,289,289,289,1903052,1903052,1903052,1.0134936343211727
U1,c64,1,8,false,diagonal,qr_compact,3808,3745,3956,32,32,32,15172,15172,15172,206,204,212,9,9,9,780,780,780,18.485436893203882
U1,c64,1,8,false,diagonal,qr_full,3870,3777,4004,37,37,37,17236,17236,17236,208,202,212,9,9,9,780,780,780,18.60576923076923
U1,c64,1,8,false,diagonal,lq_compact,4054,3968,4220,28,28,28,17412,17412,17412,208,204,214,9,9,9,780,780,780,19.490384615384617
U1,c64,1,8,false,diagonal,lq_full,4137,4068,4339,40,40,40,20308,20308,20308,208,204,214,9,9,9,780,780,780,19.889423076923077
U1,c64,1,8,false,dense,qr_compact,3733,3668,3852,30,30,30,14072,14072,14072,3702,3672,3775,30,30,30,14072,14072,14072,1.008373851971907
U1,c64,1,8,false,dense,qr_full,3756,3675,3922,35,35,35,16136,16136,16136,3760,3720,3835,35,35,35,16136,16136,16136,0.9989361702127659
U1,c64,1,8,false,dense,lq_compact,3910,3862,4089,26,26,26,16312,16312,16312,3877,3829,3972,26,26,26,16312,16312,16312,1.0085117358782565
U1,c64,1,8,false,dense,lq_full,4052,3977,4212,38,38,38,19208,19208,19208,4039,4006,4172,38,38,38,19208,19208,19208,1.0032186184699183
U1,c64,4,8,true,diagonal,qr_compact,13647,13541,14237,103,103,103,71144,71144,71144,393,389,404,15,15,15,1808,1808,1808,34.725190839694655
U1,c64,4,8,true,diagonal,qr_full,13300,13150,14014,103,103,103,71296,71296,71296,389,383,406,15,15,15,1808,1808,1808,34.19023136246787
U1,c64,4,8,true,diagonal,lq_compact,14991,14833,15639,100,100,100,71000,71000,71000,395,391,406,15,15,15,1808,1808,1808,37.95189873417721
U1,c64,4,8,true,diagonal,lq_full,14485,14225,15095,115,115,115,83584,83584,83584,393,389,408,15,15,15,1808,1808,1808,36.85750636132315
U1,c64,4,8,true,dense,qr_compact,13483,13397,14220,101,101,101,66904,66904,66904,13470,13454,13762,101,101,101,66904,66904,66904,1.0009651076466222
U1,c64,4,8,true,dense,qr_full,13147,12997,14252,101,101,101,67056,67056,67056,13083,12956,13525,101,101,101,67056,67056,67056,1.0048918443782007
U1,c64,4,8,true,dense,lq_compact,14781,14614,15666,98,98,98,66760,66760,66760,14504,14404,14872,98,98,98,66760,66760,66760,1.0190981798124654
U1,c64,4,8,true,dense,lq_full,14450,14162,15050,113,113,113,79344,79344,79344,14218,14097,14743,113,113,113,79344,79344,79344,1.0163173442115627
U1,c64,1,64,false,diagonal,qr_compact,149568,147831,151033,76,76,76,873531,873531,873531,406,402,422,9,9,9,2572,2572,2572,368.39408866995075
U1,c64,1,64,false,diagonal,qr_full,153212,151652,153379,81,81,81,1004619,1004619,1004619,402,400,416,9,9,9,2572,2572,2572,381.1243781094527
U1,c64,1,64,false,diagonal,lq_compact,160495,158985,161302,72,72,72,1069307,1069307,1069307,406,400,418,9,9,9,2572,2572,2572,395.307881773399
U1,c64,1,64,false,diagonal,lq_full,164112,162314,164979,84,84,84,1201227,1201227,1201227,404,402,418,9,9,9,2572,2572,2572,406.2178217821782
U1,c64,1,64,false,dense,qr_compact,147797,146797,148520,74,74,74,807919,807919,807919,148068,146635,148925,74,74,74,807919,807919,807919,0.9981697598400735
U1,c64,1,64,false,dense,qr_full,152387,150981,155210,79,79,79,939007,939007,939007,153629,151300,153870,79,79,79,939007,939007,939007,0.9919155888536669
U1,c64,1,64,false,dense,lq_compact,159750,159081,160081,70,70,70,1003695,1003695,1003695,159687,159008,160877,70,70,70,1003695,1003695,1003695,1.0003945217832384
U1,c64,1,64,false,dense,lq_full,163681,161985,163914,82,82,82,1135615,1135615,1135615,164545,162179,165068,82,82,82,1135615,1135615,1135615,0.9947491567656265
U1,c64,4,64,true,diagonal,qr_compact,599864,593691,602581,279,279,279,4020676,4020676,4020676,1235,1195,1250,15,15,15,8976,8976,8976,485.71983805668015
U1,c64,4,64,true,diagonal,qr_full,610758,604512,612937,279,279,279,4536924,4536924,4536924,1225,1200,1245,15,15,15,8976,8976,8976,498.57795918367344
U1,c64,4,64,true,diagonal,lq_compact,638495,633487,639264,276,276,276,4085044,4085044,4085044,1239,1214,1268,15,15,15,8976,8976,8976,515.3309120258273
U1,c64,4,64,true,diagonal,lq_full,658529,651622,660264,291,291,291,5323356,5323356,5323356,1227,1218,1266,15,15,15,8976,8976,8976,536.6984515077424
U1,c64,4,64,true,dense,qr_compact,598045,594025,603039,277,277,277,3758388,3758388,3758388,599702,592372,600335,277,277,277,3758388,3758388,3758388,0.9972369610239752
U1,c64,4,64,true,dense,qr_full,610147,604300,643889,277,277,277,4274636,4274636,4274636,612768,605766,614358,277,277,277,4274636,4274636,4274636,0.9957226878688182
U1,c64,4,64,true,dense,lq_compact,654245,637450,660750,274,274,274,3822756,3822756,3822756,635718,626212,637160,274,274,274,3822756,3822756,3822756,1.0291434252294256
U1,c64,4,64,true,dense,lq_full,655860,649927,691245,289,289,289,5061068,5061068,5061068,657583,650716,658497,289,289,289,5061068,5061068,5061068,0.9973797984436945
SU2,c64,1,8,false,diagonal,qr_compact,3866,3833,3989,32,32,32,15172,15172,15172,210,206,222,9,9,9,780,780,780,18.409523809523808
SU2,c64,1,8,false,diagonal,qr_full,3943,3889,3960,37,37,37,17236,17236,17236,212,206,218,9,9,9,780,780,780,18.599056603773583
SU2,c64,1,8,false,diagonal,lq_compact,4122,4087,4166,28,28,28,17412,17412,17412,212,210,220,9,9,9,780,780,780,19.443396226415093
SU2,c64,1,8,false,diagonal,lq_full,4227,4187,4275,40,40,40,20308,20308,20308,210,210,225,9,9,9,780,780,780,20.12857142857143
SU2,c64,1,8,false,dense,qr_compact,3806,3758,3854,30,30,30,14072,14072,14072,3781,3760,3804,30,30,30,14072,14072,14072,1.0066120074054483
SU2,c64,1,8,false,dense,qr_full,3845,3808,3887,35,35,35,16136,16136,16136,3816,3789,3866,35,35,35,16136,16136,16136,1.0075995807127882
SU2,c64,1,8,false,dense,lq_compact,4031,3947,4066,26,26,26,16312,16312,16312,3968,3920,4008,26,26,26,16312,16312,16312,1.0158770161290323
SU2,c64,1,8,false,dense,lq_full,4114,4070,4158,38,38,38,19208,19208,19208,4131,4054,4145,38,38,38,19208,19208,19208,0.9958847736625515
SU2,c64,4,8,true,diagonal,qr_compact,13700,13597,13966,103,103,103,71144,71144,71144,395,395,427,15,15,15,1808,1808,1808,34.68354430379747
SU2,c64,4,8,true,diagonal,qr_full,13372,13266,13620,103,103,103,71296,71296,71296,400,395,437,15,15,15,1808,1808,1808,33.43
SU2,c64,4,8,true,diagonal,lq_compact,15054,14952,15172,100,100,100,71000,71000,71000,404,397,435,15,15,15,1808,1808,1808,37.26237623762376
SU2,c64,4,8,true,diagonal,lq_full,14412,14314,14760,115,115,115,83584,83584,83584,402,395,427,15,15,15,1808,1808,1808,35.850746268656714
SU2,c64,4,8,true,dense,qr_compact,13566,13479,13806,101,101,101,66904,66904,66904,13491,13322,13606,101,101,101,66904,66904,66904,1.0055592617300422
SU2,c64,4,8,true,dense,qr_full,13202,13143,13437,101,101,101,67056,67056,67056,13122,13033,13289,101,101,101,67056,67056,67056,1.006096631611035
SU2,c64,4,8,true,dense,lq_compact,14852,14756,14956,98,98,98,66760,66760,66760,14568,14391,14652,98,98,98,66760,66760,66760,1.0194947830862164
SU2,c64,4,8,true,dense,lq_full,14347,14262,14616,113,113,113,79344,79344,79344,14189,14150,14425,113,113,113,79344,79344,79344,1.011135386567059
SU2,c64,1,64,false,diagonal,qr_compact,149300,147410,149691,76,76,76,873531,873531,873531,404,402,408,9,9,9,2572,2572,2572,369.55445544554453
SU2,c64,1,64,false,diagonal,qr_full,153160,151470,154950,81,81,81,1004619,1004619,1004619,404,397,408,9,9,9,2572,2572,2572,379.1089108910891
SU2,c64,1,64,false,diagonal,lq_compact,160512,159787,161033,72,72,72,1069307,1069307,1069307,402,395,416,9,9,9,2572,2572,2572,399.2835820895522
SU2,c64,1,64,false,diagonal,lq_full,164110,163445,167206,84,84,84,1201227,1201227,1201227,404,397,412,9,9,9,2572,2572,2572,406.21287128712873
SU2,c64,1,64,false,dense,qr_compact,147941,147037,149577,74,74,74,807919,807919,807919,147929,146814,148329,74,74,74,807919,807919,807919,1.0000811199967552
SU2,c64,1,64,false,dense,qr_full,152456,151589,159079,79,79,79,939007,939007,939007,153333,151847,158158,79,79,79,939007,939007,939007,0.9942804223487443
SU2,c64,1,64,false,dense,lq_compact,159581,158150,167602,70,70,70,1003695,1003695,1003695,159637,157802,171410,70,70,70,1003695,1003695,1003695,0.9996492041318742
SU2,c64,1,64,false,dense,lq_full,163316,162802,164579,82,82,82,1135615,1135615,1135615,164485,160968,164612,82,82,82,1135615,1135615,1135615,0.9928929689637352
SU2,c64,4,64,true,diagonal,qr_compact,600229,595241,603160,279,279,279,4020676,4020676,4020676,1243,1233,1279,15,15,15,8976,8976,8976,482.8873692679002
SU2,c64,4,64,true,diagonal,qr_full,611187,602570,618566,279,279,279,4536924,4536924,4536924,1231,1220,1285,15,15,15,8976,8976,8976,496.49634443541834
SU2,c64,4,64,true,diagonal,lq_compact,637250,630943,640281,276,276,276,4085044,4085044,4085044,1243,1220,1295,15,15,15,8976,8976,8976,512.6709573612228
SU2,c64,4,64,true,diagonal,lq_full,659125,653827,662966,291,291,291,5323356,5323356,5323356,1239,1225,1300,15,15,15,8976,8976,8976,531.9814366424536
SU2,c64,4,64,true,dense,qr_compact,599431,595597,634787,277,277,277,3758388,3758388,3758388,599864,592452,600139,277,277,277,3758388,3758388,3758388,0.9992781697184695
SU2,c64,4,64,true,dense,qr_full,631960,606691,643262,277,277,277,4274636,4274636,4274636,613381,605483,615354,277,277,277,4274636,4274636,4274636,1.0302894938056444
SU2,c64,4,64,true,dense,lq_compact,650775,630920,662800,274,274,274,3822756,3822756,3822756,636127,626187,637783,274,274,274,3822756,3822756,3822756,1.0230268484123453
SU2,c64,4,64,true,dense,lq_full,687470,657014,697154,289,289,289,5061068,5061068,5061068,657647,651547,659372,289,289,289,5061068,5061068,5061068,1.0453480362565328
U1xF,c64,1,8,false,diagonal,qr_compact,3935,3904,3960,32,32,32,15172,15172,15172,204,183,220,9,9,9,780,780,780,19.28921568627451
U1xF,c64,1,8,false,diagonal,qr_full,4006,3968,4056,37,37,37,17236,17236,17236,202,183,210,9,9,9,780,780,780,19.831683168316832
U1xF,c64,1,8,false,diagonal,lq_compact,4160,4120,4218,28,28,28,17412,17412,17412,206,204,216,9,9,9,780,780,780,20.194174757281555
U1xF,c64,1,8,false,diagonal,lq_full,4302,4289,4379,40,40,40,20308,20308,20308,208,206,218,9,9,9,780,780,780,20.682692307692307
U1xF,c64,1,8,false,dense,qr_compact,3847,3800,3910,30,30,30,14072,14072,14072,3889,3847,3916,30,30,30,14072,14072,14072,0.9892003085626125
U1xF,c64,1,8,false,dense,qr_full,3902,3870,3952,35,35,35,16136,16136,16136,3972,3956,4037,35,35,35,16136,16136,16136,0.9823766364551864
U1xF,c64,1,8,false,dense,lq_compact,4066,4016,4091,26,26,26,16312,16312,16312,4081,4025,4104,26,26,26,16312,16312,16312,0.9963244302866945
U1xF,c64,1,8,false,dense,lq_full,4195,4170,4247,38,38,38,19208,19208,19208,4270,4258,4327,38,38,38,19208,19208,19208,0.9824355971896955
U1xF,c64,4,8,true,diagonal,qr_compact,13877,13829,13975,103,103,103,71144,71144,71144,400,360,418,15,15,15,1808,1808,1808,34.6925
U1xF,c64,4,8,true,diagonal,qr_full,13620,13433,13968,103,103,103,71296,71296,71296,397,391,416,15,15,15,1808,1808,1808,34.3073047858942
U1xF,c64,4,8,true,diagonal,lq_compact,15118,15027,15322,100,100,100,71000,71000,71000,404,395,420,15,15,15,1808,1808,1808,37.42079207920792
U1xF,c64,4,8,true,diagonal,lq_full,14631,14587,15335,115,115,115,83584,83584,83584,402,387,418,15,15,15,1808,1808,1808,36.3955223880597
U1xF,c64,4,8,true,dense,qr_compact,13827,13770,13862,101,101,101,66904,66904,66904,13729,13679,13958,101,101,101,66904,66904,66904,1.0071381746667638
U1xF,c64,4,8,true,dense,qr_full,13491,13212,13689,101,101,101,67056,67056,67056,13508,13441,13791,101,101,101,67056,67056,67056,0.9987414865265029
U1xF,c64,4,8,true,dense,lq_compact,14945,14908,15202,98,98,98,66760,66760,66760,14764,14683,15025,98,98,98,66760,66760,66760,1.0122595502573828
U1xF,c64,4,8,true,dense,lq_full,14618,14377,15010,113,113,113,79344,79344,79344,14591,14454,14791,113,113,113,79344,79344,79344,1.0018504557604002
U1xF,c64,1,64,false,diagonal,qr_compact,151379,149922,152777,76,76,76,873531,873531,873531,406,397,414,9,9,9,2572,2572,2572,372.8546798029557
U1xF,c64,1,64,false,diagonal,qr_full,158495,153379,161483,81,81,81,1004619,1004619,1004619,400,397,410,9,9,9,2572,2572,2572,396.2375
U1xF,c64,1,64,false,diagonal,lq_compact,172639,160827,176783,72,72,72,1069307,1069307,1069307,402,395,410,9,9,9,2572,2572,2572,429.4502487562189
U1xF,c64,1,64,false,diagonal,lq_full,170433,164612,172725,84,84,84,1201227,1201227,1201227,400,397,412,9,9,9,2572,2572,2572,426.0825
U1xF,c64,1,64,false,dense,qr_compact,149139,147037,149912,74,74,74,807919,807919,807919,148081,147127,148777,74,74,74,807919,807919,807919,1.0071447383526584
U1xF,c64,1,64,false,dense,qr_full,157658,152195,167068,79,79,79,939007,939007,939007,153362,152020,154085,79,79,79,939007,939007,939007,1.028012154249423
U1xF,c64,1,64,false,dense,lq_compact,174187,160200,185181,70,70,70,1003695,1003695,1003695,159337,157960,174325,70,70,70,1003695,1003695,1003695,1.0931986920803078
U1xF,c64,1,64,false,dense,lq_full,168820,164168,172643,82,82,82,1135615,1135615,1135615,163283,161666,171114,82,82,82,1135615,1135615,1135615,1.033910449954986
U1xF,c64,4,64,true,diagonal,qr_compact,599368,594470,601404,279,279,279,4020676,4020676,4020676,1216,1200,1237,15,15,15,8976,8976,8976,492.9013157894737
U1xF,c64,4,64,true,diagonal,qr_full,611770,609495,612347,279,279,279,4536924,4536924,4536924,1220,1200,1233,15,15,15,8976,8976,8976,501.45081967213116
U1xF,c64,4,64,true,diagonal,lq_compact,637779,636002,640131,276,276,276,4085044,4085044,4085044,1229,1220,1239,15,15,15,8976,8976,8976,518.9414157851912
U1xF,c64,4,64,true,diagonal,lq_full,661116,659639,677425,291,291,291,5323356,5323356,5323356,1231,1222,1237,15,15,15,8976,8976,8976,537.0560519902518
U1xF,c64,4,64,true,dense,qr_compact,610750,599237,630541,277,277,277,3758388,3758388,3758388,599075,592668,600110,277,277,277,3758388,3758388,3758388,1.0194883779159538
U1xF,c64,4,64,true,dense,qr_full,628350,604387,640493,277,277,277,4274636,4274636,4274636,615000,613883,636835,277,277,277,4274636,4274636,4274636,1.0217073170731708
U1xF,c64,4,64,true,dense,lq_compact,635941,630527,637918,274,274,274,3822756,3822756,3822756,635410,628708,636375,274,274,274,3822756,3822756,3822756,1.0008356808989471
U1xF,c64,4,64,true,dense,lq_full,656689,646129,684516,289,289,289,5061068,5061068,5061068,659014,654625,696668,289,289,289,5061068,5061068,5061068,0.9964720021122465
