family,dtype,sectors,k,operation,median_ns,alloc_calls,alloc_bytes
U1,f64,3,2,pinv,36125,130,91168
U1,f64,3,2,pinv_adjoint,32725,124,85632
U1,f64,3,2,exp_hermitian,28008,114,59444
U1,f64,3,2,exp_general,52983,48,21605
U1,f64,3,2,left_polar,37391,140,92992
U1,f64,3,2,right_polar,36808,140,92992
U1,f64,3,2,left_polar_adjoint,40675,146,96104
U1,f64,3,2,right_polar_adjoint,40208,146,96104
U1,c64,3,2,pinv,40441,145,137024
U1,c64,3,2,pinv_adjoint,38766,139,126624
U1,c64,3,2,exp_hermitian,32816,129,88140
U1,c64,3,2,exp_general,54466,48,39141
U1,c64,3,2,left_polar,43900,155,138848
U1,c64,3,2,right_polar,43883,155,138848
U1,c64,3,2,left_polar_adjoint,47975,161,144392
U1,c64,3,2,right_polar_adjoint,48041,161,144392
SU2,f64,3,2,pinv,49883,140,139952
SU2,f64,3,2,pinv_adjoint,45383,134,127504
SU2,f64,3,2,exp_hermitian,42725,124,84200
SU2,f64,3,2,exp_general,64475,48,41189
SU2,f64,3,2,left_polar,51750,150,141616
SU2,f64,3,2,right_polar,51433,150,141616
SU2,f64,3,2,left_polar_adjoint,61266,156,148184
SU2,f64,3,2,right_polar_adjoint,61458,156,148184
SU2,c64,3,2,pinv,66758,155,235792
SU2,c64,3,2,pinv_adjoint,61516,149,211568
SU2,c64,3,2,exp_hermitian,54766,139,141664
SU2,c64,3,2,exp_general,77241,48,78309
SU2,c64,3,2,left_polar,69200,165,237456
SU2,c64,3,2,right_polar,68958,165,237456
SU2,c64,3,2,left_polar_adjoint,78983,171,249912
SU2,c64,3,2,right_polar_adjoint,78825,171,249912
U1,f64,3,6,pinv,1323333,638,5543893
U1,f64,3,6,pinv_adjoint,1387958,632,5149237
U1,f64,3,6,exp_hermitian,1143716,370,3380082
U1,f64,3,6,exp_general,1247233,242,8663745
U1,f64,3,6,left_polar,1479491,658,6598791
U1,f64,3,6,right_polar,1468625,658,6598791
U1,f64,3,6,left_polar_adjoint,1481116,664,6796463
U1,f64,3,6,right_polar_adjoint,1479716,664,6796463
U1,c64,3,6,pinv,3562750,663,39898030
U1,c64,3,6,pinv_adjoint,3256933,657,39109390
U1,c64,3,6,exp_hermitian,2369366,385,20917297
U1,c64,3,6,exp_general,3774183,280,17482893
U1,c64,3,6,left_polar,4088150,683,42006666
U1,c64,3,6,right_polar,3908733,683,42006666
U1,c64,3,6,left_polar_adjoint,3999475,689,42401330
U1,c64,3,6,right_polar_adjoint,4431533,689,42401330
SU2,f64,3,6,pinv,6169466,894,20014557
SU2,f64,3,6,pinv_adjoint,6204716,888,19060029
SU2,f64,3,6,exp_hermitian,2912333,508,9906634
SU2,f64,3,6,exp_general,3906641,417,18111680
SU2,f64,3,6,left_polar,4430691,914,21941178
SU2,f64,3,6,right_polar,4397350,914,21941178
SU2,f64,3,6,left_polar_adjoint,4288258,920,22418786
SU2,f64,3,6,right_polar_adjoint,4285816,920,22418786
SU2,c64,3,6,pinv,11448991,1017,74174576
SU2,c64,3,6,pinv_adjoint,11074575,1011,72266192
SU2,c64,3,6,exp_hermitian,7510433,563,38900254
SU2,c64,3,6,exp_general,12134350,516,36848130
SU2,c64,3,6,left_polar,12914758,1037,78028898
SU2,c64,3,6,right_polar,12914208,1037,78028898
SU2,c64,3,6,left_polar_adjoint,12883000,1043,78983434
SU2,c64,3,6,right_polar_adjoint,16245716,1043,78983434
