family,dtype,k,operation,base_ns,head_ns,speedup,base_min_max,head_min_max,base_calls,head_calls,base_bytes,head_bytes
U1,f64,2,pinv,35908,34258,1.048,34916-36125,33025-139750,130,101,91168,76229
U1,f64,2,pinv_adjoint,32666,33966,0.962,31941-32875,32900-92600,124,99,85632,75653
U1,f64,2,exp_hermitian,27825,28300,0.983,27158-28008,27341-73550,114,83,59444,51797
U1,f64,2,exp_general,52883,49766,1.063,51358-52983,48683-113458,48,49,21605,22069
U1,f64,2,left_polar,36650,40633,0.902,36358-37391,39841-90675,140,133,92992,80354
U1,f64,2,right_polar,36491,40683,0.897,36233-37066,39766-44333,140,133,92992,80354
U1,f64,2,left_polar_adjoint,40675,44233,0.920,40416-41283,43325-48133,146,139,96104,83466
U1,f64,2,right_polar_adjoint,40625,44941,0.904,40208-41550,43500-48300,146,139,96104,83466
U1,c64,2,pinv,41325,40433,1.022,40441-42333,38991-43316,145,116,137024,112357
U1,c64,2,pinv_adjoint,38650,40466,0.955,38041-39033,38708-89966,139,114,126624,111781
U1,c64,2,exp_hermitian,32758,34433,0.951,32241-33100,33000-69741,129,98,88140,76685
U1,c64,2,exp_general,54466,54333,1.002,53883-55641,52191-58333,48,49,39141,39605
U1,c64,2,left_polar,43708,47600,0.918,43150-44141,46775-52025,155,148,138848,118914
U1,c64,2,right_polar,43883,47950,0.915,43150-44291,46208-51425,155,148,138848,118914
U1,c64,2,left_polar_adjoint,47975,51866,0.925,47208-48533,50016-90366,161,154,144392,124458
U1,c64,2,right_polar_adjoint,48041,52175,0.921,47450-48666,50191-56166,161,154,144392,124458
SU2,f64,2,pinv,49883,46383,1.075,49025-50958,45258-50000,140,101,139952,110789
SU2,f64,2,pinv_adjoint,45383,46741,0.971,44875-46358,45033-49841,134,99,127504,110213
SU2,f64,2,exp_hermitian,42725,41050,1.041,41658-42966,39766-44616,124,83,84200,69909
SU2,f64,2,exp_general,64475,61991,1.040,63325-65183,60475-67383,48,49,41189,41653
SU2,f64,2,left_polar,51400,54300,0.947,51166-51750,53316-59116,150,133,141616,118370
SU2,f64,2,right_polar,51291,54700,0.938,50925-51433,53308-59266,150,133,141616,118370
SU2,f64,2,left_polar_adjoint,61108,63108,0.968,60600-61266,62583-68991,156,139,148184,124938
SU2,f64,2,right_polar_adjoint,61266,63433,0.966,60600-61650,63100-69608,156,139,148184,124938
SU2,c64,2,pinv,65600,61891,1.060,65100-66758,60083-66541,155,116,235792,183077
SU2,c64,2,pinv_adjoint,60766,61383,0.990,60166-61516,59941-66066,149,114,211568,182501
SU2,c64,2,exp_hermitian,54250,53350,1.017,53775-54833,52300-57975,139,98,141664,117517
SU2,c64,2,exp_general,76741,76416,1.004,75816-77725,74616-83050,48,49,78309,78773
SU2,c64,2,left_polar,68533,71633,0.957,68083-69200,70600-78441,165,148,237456,196546
SU2,c64,2,right_polar,68958,70975,0.972,67966-70875,69125-77416,165,148,237456,196546
SU2,c64,2,left_polar_adjoint,78750,80550,0.978,77666-80991,78275-88558,171,154,249912,209002
SU2,c64,2,right_polar_adjoint,78691,80866,0.973,77641-81133,78841-88383,171,154,249912,209002
U1,f64,6,pinv,1323333,1314441,1.007,1314508-1369641,1275683-1473558,638,609,5543893,4951162
U1,f64,6,pinv_adjoint,1329516,1282316,1.037,1293966-1387958,1262275-1385325,632,607,5149237,4747834
U1,f64,6,exp_hermitian,1140525,1066625,1.069,1114366-1167950,1032316-1377166,370,339,3380082,3069235
U1,f64,6,exp_general,1196833,1211725,0.988,1185883-1247233,1200641-1386675,242,243,8663745,8664209
U1,f64,6,left_polar,1438366,1443725,0.996,1415783-1479491,1412475-1799991,658,651,6598791,6205225
U1,f64,6,right_polar,1423775,1413833,1.007,1416283-1468625,1362883-1657133,658,651,6598791,6002473
U1,f64,6,left_polar_adjoint,1459658,1423383,1.025,1427683-1481116,1390575-1631300,664,657,6796463,6200145
U1,f64,6,right_polar_adjoint,1452391,1472691,0.986,1428933-1479716,1447166-1695316,664,657,6796463,6402897
U1,c64,6,pinv,3516491,3445966,1.020,3377500-3573600,3402700-4007700,663,634,39898030,38356051
U1,c64,6,pinv_adjoint,3258450,3489350,0.934,3237458-3382008,3412733-3826825,657,632,39109390,38314003
U1,c64,6,exp_hermitian,2347150,2408741,0.974,2317350-2395133,2288166-2522358,385,354,20917297,20304914
U1,c64,6,exp_general,3669650,3733091,0.983,3638983-3774183,3702758-8116783,280,281,17482893,17483357
U1,c64,6,left_polar,3875233,3878533,0.999,3740366-4088150,3808300-4224450,683,676,42006666,40860844
U1,c64,6,right_polar,3874791,3836316,1.010,3785175-3916266,3777858-4137208,683,676,42006666,40819372
U1,c64,6,left_polar_adjoint,3955375,3985216,0.993,3892850-3999475,3859100-8576616,689,682,42401330,41214036
U1,c64,6,right_polar_adjoint,3847708,3892516,0.988,3737650-4431533,3790891-6165116,689,682,42401330,41255508
SU2,f64,6,pinv,3975100,3961316,1.003,3847116-6169466,3745966-4857050,894,855,20014557,18247410
SU2,f64,6,pinv_adjoint,3906416,3843958,1.016,3893758-6204716,3710350-4518450,888,853,19060029,18097074
SU2,f64,6,exp_hermitian,2707875,2607941,1.038,2686833-2912333,2522283-2669858,508,467,9906634,9104759
SU2,f64,6,exp_general,3525841,3602766,0.979,3470558-3906641,3540600-3845541,417,418,18111680,18112144
SU2,f64,6,left_polar,4325141,4223866,1.024,4240500-4430691,4212983-5403950,914,897,21941178,20654572
SU2,f64,6,right_polar,4339250,4205791,1.032,4283433-4397350,4116266-4774541,914,897,21941178,20504812
SU2,f64,6,left_polar_adjoint,4288258,4239858,1.011,4262333-4317866,4152425-4921141,920,903,22418786,20982420
SU2,f64,6,right_polar_adjoint,4289300,4325550,0.992,4253100-4359016,4247008-4752975,920,903,22418786,21132180
SU2,c64,6,pinv,11282150,10863525,1.039,11239975-11448991,10814608-12082950,1017,978,74174576,70370693
SU2,c64,6,pinv_adjoint,11224575,10950308,1.025,11037433-11312191,10633266-16363183,1011,976,72266192,70349381
SU2,c64,6,exp_hermitian,7145925,6801583,1.051,6936958-7510433,6464833-7309133,563,522,38900254,37309259
SU2,c64,6,exp_general,12075316,12432591,0.971,11879800-12596475,11900958-23515308,516,517,36848130,36848594
SU2,c64,6,left_polar,12715033,13123683,0.969,12376191-13487141,12319933-14607941,1037,1020,78028898,75182484
SU2,c64,6,right_polar,12912950,12960775,0.996,12571958-14005733,12453241-13807250,1037,1020,78028898,75161748
SU2,c64,6,left_polar_adjoint,12812925,12989466,0.986,12379591-13501241,12567325-22187366,1043,1026,78983434,76116284
SU2,c64,6,right_polar_adjoint,13342633,12968141,1.029,12506350-16245716,12243066-17044933,1043,1026,78983434,76137020
