family,dtype,sectors,k,operation,median_ns,alloc_calls,alloc_bytes,peak_live_bytes
U1,f64,3,2,pinv,34300,101,76229,19568
U1,f64,3,2,pinv_adjoint,33683,99,75653,19280
U1,f64,3,2,exp_hermitian,27241,84,51845,12136
U1,f64,3,2,exp_general,46466,50,22117,18048
U1,f64,3,2,left_polar,41858,132,79874,21944
U1,f64,3,2,right_polar,41575,132,79874,21944
U1,f64,3,2,left_polar_adjoint,45283,138,82986,21944
U1,f64,3,2,right_polar_adjoint,45766,138,82986,21944
U1,c64,3,2,pinv,40483,116,112357,31760
U1,c64,3,2,pinv_adjoint,40358,114,111781,31472
U1,c64,3,2,exp_hermitian,31966,99,76733,21832
U1,c64,3,2,exp_general,50358,50,39653,33536
U1,c64,3,2,left_polar,48350,147,118434,36568
U1,c64,3,2,right_polar,48558,147,118434,36568
U1,c64,3,2,left_polar_adjoint,52975,153,123978,36568
U1,c64,3,2,right_polar_adjoint,52958,153,123978,36568
SU2,f64,3,2,pinv,47966,101,110789,36144
SU2,f64,3,2,pinv_adjoint,47341,99,110213,35856
SU2,f64,3,2,exp_hermitian,40566,84,69957,18952
SU2,f64,3,2,exp_general,59433,50,41701,31616
SU2,f64,3,2,left_polar,56316,132,117890,35352
SU2,f64,3,2,right_polar,56533,132,117890,35352
SU2,f64,3,2,left_polar_adjoint,66541,138,124458,35352
SU2,f64,3,2,right_polar_adjoint,66850,138,124458,35352
SU2,c64,3,2,pinv,62208,116,183077,67696
SU2,c64,3,2,pinv_adjoint,61683,114,182501,67408
SU2,c64,3,2,exp_hermitian,51358,99,117565,37768
SU2,c64,3,2,exp_general,72875,50,78821,62080
SU2,c64,3,2,left_polar,73608,147,196066,66392
SU2,c64,3,2,right_polar,73050,147,196066,66392
SU2,c64,3,2,left_polar_adjoint,83033,153,208522,66392
SU2,c64,3,2,right_polar_adjoint,82241,153,208522,66392
U1,f64,3,6,pinv,1349641,609,4951162,1133888
U1,f64,3,6,pinv_adjoint,1347525,607,4747834,1036832
U1,f64,3,6,exp_hermitian,1069033,340,3069283,827264
U1,f64,3,6,exp_general,1253341,244,8664257,1573992
U1,f64,3,6,left_polar,1470525,650,6204745,1121736
U1,f64,3,6,right_polar,1488758,650,6001993,1099960
U1,f64,3,6,left_polar_adjoint,1481341,656,6199665,1099960
U1,f64,3,6,right_polar_adjoint,1484591,656,6402417,1121736
U1,c64,3,6,pinv,3622858,634,38356051,2404795
U1,c64,3,6,pinv_adjoint,3620866,632,38314003,2404507
U1,c64,3,6,exp_hermitian,2515883,355,20304962,2009467
U1,c64,3,6,exp_general,4018225,282,17483405,3146472
U1,c64,3,6,left_polar,4356475,675,40860364,2798723
U1,c64,3,6,right_polar,4326941,675,40818892,2798723
U1,c64,3,6,left_polar_adjoint,4248116,681,41213556,2798723
U1,c64,3,6,right_polar_adjoint,4225716,681,41255028,2798723
SU2,f64,3,6,pinv,3893408,855,18247410,3098908
SU2,f64,3,6,pinv_adjoint,3898408,853,18097074,3098620
SU2,f64,3,6,exp_hermitian,2602666,468,9104807,1845116
SU2,f64,3,6,exp_general,3761033,419,18112192,2734984
SU2,f64,3,6,left_polar,4338550,896,20654092,3055364
SU2,f64,3,6,right_polar,4503800,896,20504332,3055364
SU2,f64,3,6,left_polar_adjoint,4547783,902,20981940,3055364
SU2,f64,3,6,right_polar_adjoint,4581191,902,21131700,3055364
SU2,c64,3,6,pinv,11486291,978,70370693,5842656
SU2,c64,3,6,pinv_adjoint,11283066,976,70349381,5842368
SU2,c64,3,6,exp_hermitian,7098883,523,37309307,4016512
SU2,c64,3,6,exp_general,12132383,518,36848642,5464712
SU2,c64,3,6,left_polar,12761616,1019,75182004,5757640
SU2,c64,3,6,right_polar,12543075,1019,75161268,5757640
SU2,c64,3,6,left_polar_adjoint,12783758,1025,76115804,5757640
SU2,c64,3,6,right_polar_adjoint,12564158,1025,76136540,5757640
U1,f64,7,2,pinv,191983,255,480437,115024
U1,f64,7,2,pinv_adjoint,191558,253,455797,114736
U1,f64,7,2,exp_hermitian,169183,214,284533,64168
U1,f64,7,2,exp_general,203325,160,360549,112248
U1,f64,7,2,left_polar,219833,332,543714,121208
U1,f64,7,2,right_polar,216975,332,519650,121208
U1,f64,7,2,left_polar_adjoint,269483,338,549898,121208
U1,f64,7,2,right_polar_adjoint,271783,338,573962,121208
U1,c64,7,2,pinv,286733,294,854475,222960
U1,c64,7,2,pinv_adjoint,285058,292,808459,222672
U1,c64,7,2,exp_hermitian,230475,253,522083,132360
U1,c64,7,2,exp_general,304416,162,669221,221878
U1,c64,7,2,left_polar,340575,371,972398,235416
U1,c64,7,2,right_polar,347225,371,926958,235416
U1,c64,7,2,left_polar_adjoint,391866,377,986774,235416
U1,c64,7,2,right_polar_adjoint,385725,377,1032214,235416
SU2,f64,7,2,pinv,1341725,827,5712437,1133280
SU2,f64,7,2,pinv_adjoint,1337158,825,5454581,1084352
SU2,f64,7,2,exp_hermitian,1326641,502,3380948,660672
SU2,f64,7,2,exp_general,1387416,371,8058124,1030568
SU2,f64,7,2,left_polar,1561666,914,7002747,966920
SU2,f64,7,2,right_polar,1533916,914,6745467,918280
SU2,f64,7,2,left_polar_adjoint,2131791,920,7001635,918280
SU2,f64,7,2,right_polar_adjoint,2111066,920,7258915,966920
SU2,c64,7,2,pinv,3602375,876,34144106,2164987
SU2,c64,7,2,pinv_adjoint,3526808,874,33891242,2164699
SU2,c64,7,2,exp_hermitian,2863791,541,18051975,1470523
SU2,c64,7,2,exp_general,3745883,418,16305148,2059432
SU2,c64,7,2,left_polar,3962116,963,36717266,2185923
SU2,c64,7,2,right_polar,4179408,963,36464978,2185923
SU2,c64,7,2,left_polar_adjoint,4619125,969,36976634,2185923
SU2,c64,7,2,right_polar_adjoint,4872158,969,37228922,2185923
