family,dtype,sectors,k,operation,before_ns,after_ns,speedup,before_calls,after_calls,before_bytes,after_bytes,before_peak_live,after_peak_live
U1,f64,3,2,pinv,33525,33591,0.998,101,101,76229,76229,19568,19568
U1,f64,3,2,pinv_adjoint,33366,33458,0.997,99,99,75653,75653,19280,19280
U1,f64,3,2,exp_hermitian,27441,27025,1.015,83,84,51797,51845,12088,12136
U1,f64,3,2,exp_general,48516,45650,1.063,49,50,22069,22117,18000,18048
U1,f64,3,2,left_polar,40291,41200,0.978,133,132,80354,79874,17560,21944
U1,f64,3,2,right_polar,40091,40741,0.984,133,132,80354,79874,17560,21944
U1,f64,3,2,left_polar_adjoint,43758,44333,0.987,139,138,83466,82986,17560,21944
U1,f64,3,2,right_polar_adjoint,43975,44658,0.985,139,138,83466,82986,17560,21944
U1,c64,3,2,pinv,39375,40000,0.984,116,116,112357,112357,31760,31760
U1,c64,3,2,pinv_adjoint,39116,39616,0.987,114,114,111781,111781,31472,31472
U1,c64,3,2,exp_hermitian,32541,31966,1.018,98,99,76685,76733,21784,21832
U1,c64,3,2,exp_general,52750,49808,1.059,49,50,39605,39653,33488,33536
U1,c64,3,2,left_polar,47041,47933,0.981,148,147,118914,118434,27320,36568
U1,c64,3,2,right_polar,46591,47458,0.982,148,147,118914,118434,27320,36568
U1,c64,3,2,left_polar_adjoint,50925,51591,0.987,154,153,124458,123978,27320,36568
U1,c64,3,2,right_polar_adjoint,50566,51691,0.978,154,153,124458,123978,27320,36568
SU2,f64,3,2,pinv,45533,46141,0.987,101,101,110789,110789,36144,36144
SU2,f64,3,2,pinv_adjoint,45341,45775,0.991,99,99,110213,110213,35856,35856
SU2,f64,3,2,exp_hermitian,39975,39233,1.019,83,84,69909,69957,18904,18952
SU2,f64,3,2,exp_general,60825,57600,1.056,49,50,41653,41701,31568,31616
SU2,f64,3,2,left_polar,53683,55200,0.973,133,132,118370,117890,30680,35352
SU2,f64,3,2,right_polar,53350,54608,0.977,133,132,118370,117890,30680,35352
SU2,f64,3,2,left_polar_adjoint,62225,63333,0.983,139,138,124938,124458,30680,35352
SU2,f64,3,2,right_polar_adjoint,62625,64091,0.977,139,138,124938,124458,30680,35352
SU2,c64,3,2,pinv,60291,60525,0.996,116,116,183077,183077,67696,67696
SU2,c64,3,2,pinv_adjoint,59808,60133,0.995,114,114,182501,182501,67408,67408
SU2,c64,3,2,exp_hermitian,51116,49983,1.023,98,99,117517,117565,37720,37768
SU2,c64,3,2,exp_general,74491,71366,1.044,49,50,78773,78821,62032,62080
SU2,c64,3,2,left_polar,71133,71400,0.996,148,147,196546,196066,56344,66392
SU2,c64,3,2,right_polar,70700,70600,1.001,148,147,196546,196066,56344,66392
SU2,c64,3,2,left_polar_adjoint,80283,80325,0.999,154,153,209002,208522,56344,66392
SU2,c64,3,2,right_polar_adjoint,80508,80308,1.002,154,153,209002,208522,56344,66392
U1,f64,3,6,pinv,1307066,1308350,0.999,609,609,4951162,4951162,1133888,1133888
U1,f64,3,6,pinv_adjoint,1267950,1279033,0.991,607,607,4747834,4747834,1036832,1036832
U1,f64,3,6,exp_hermitian,1066800,1059333,1.007,339,340,3069235,3069283,827216,827264
U1,f64,3,6,exp_general,1239125,1195541,1.036,243,244,8664209,8664257,1573944,1573992
U1,f64,3,6,left_polar,1431183,1434433,0.998,651,650,6205225,6204745,1331304,1121736
U1,f64,3,6,right_polar,1394975,1418158,0.984,651,650,6002473,6001993,1234536,1099960
U1,f64,3,6,left_polar_adjoint,1420600,1426916,0.996,657,656,6200145,6199665,1234536,1099960
U1,f64,3,6,right_polar_adjoint,1466350,1434758,1.022,657,656,6402897,6402417,1331304,1121736
U1,c64,3,6,pinv,3381875,3387050,0.998,634,634,38356051,38356051,2404795,2404795
U1,c64,3,6,pinv_adjoint,3404433,3432558,0.992,632,632,38314003,38314003,2404507,2404507
U1,c64,3,6,exp_hermitian,2341850,2299533,1.018,354,355,20304914,20304962,2009419,2009467
U1,c64,3,6,exp_general,3715216,3627825,1.024,281,282,17483357,17483405,3146424,3146472
U1,c64,3,6,left_polar,3820858,3912966,0.976,676,675,40860844,40860364,2464872,2798723
U1,c64,3,6,right_polar,3795833,3964900,0.957,676,675,40819372,40818892,2464872,2798723
U1,c64,3,6,left_polar_adjoint,3931725,3941308,0.998,682,681,41214036,41213556,2464872,2798723
U1,c64,3,6,right_polar_adjoint,3794325,3926608,0.966,682,681,41255508,41255028,2464872,2798723
SU2,f64,3,6,pinv,3797058,3663166,1.037,855,855,18247410,18247410,3098908,3098908
SU2,f64,3,6,pinv_adjoint,3745541,3714758,1.008,853,853,18097074,18097074,3098620,3098620
SU2,f64,3,6,exp_hermitian,2554141,2498516,1.022,467,468,9104759,9104807,1845068,1845116
SU2,f64,3,6,exp_general,3597500,3513658,1.024,418,419,18112144,18112192,2734936,2734984
SU2,f64,3,6,left_polar,4279225,4225875,1.013,897,896,20654572,20654092,2622404,3055364
SU2,f64,3,6,right_polar,4231158,4129833,1.025,897,896,20504812,20504332,2622404,3055364
SU2,f64,3,6,left_polar_adjoint,4269366,4191658,1.019,903,902,20982420,20981940,2622404,3055364
SU2,f64,3,6,right_polar_adjoint,4325950,4192241,1.032,903,902,21132180,21131700,2622404,3055364
SU2,c64,3,6,pinv,10913575,10790058,1.011,978,978,70370693,70370693,5842656,5842656
SU2,c64,3,6,pinv_adjoint,10742750,10733058,1.001,976,976,70349381,70349381,5842368,5842368
SU2,c64,3,6,exp_hermitian,6779783,6675208,1.016,522,523,37309259,37309307,4016464,4016512
SU2,c64,3,6,exp_general,12092558,11896558,1.016,517,518,36848594,36848642,5464664,5464712
SU2,c64,3,6,left_polar,12617041,12330891,1.023,1020,1019,75182484,75182004,5000712,5757640
SU2,c64,3,6,right_polar,12625691,12413266,1.017,1020,1019,75161748,75161268,5000712,5757640
SU2,c64,3,6,left_polar_adjoint,12727358,12413741,1.025,1026,1025,76116284,76115804,5000712,5757640
SU2,c64,3,6,right_polar_adjoint,12554408,12451950,1.008,1026,1025,76137020,76136540,5000712,5757640
U1,f64,7,2,pinv,194083,191858,1.012,255,255,480437,480437,115024,115024
U1,f64,7,2,pinv_adjoint,193558,191050,1.013,253,253,455797,455797,114736,114736
U1,f64,7,2,exp_hermitian,175775,169708,1.036,213,214,284485,284533,64120,64168
U1,f64,7,2,exp_general,214225,203016,1.055,159,160,360501,360549,112200,112248
U1,f64,7,2,left_polar,223400,219750,1.017,333,332,544962,543714,139064,121208
U1,f64,7,2,right_polar,221758,217075,1.022,333,332,520898,519650,131896,121208
U1,f64,7,2,left_polar_adjoint,274041,269483,1.017,339,338,551146,549898,131896,121208
U1,f64,7,2,right_polar_adjoint,274566,271841,1.010,339,338,575210,573962,139064,121208
U1,c64,7,2,pinv,290491,286350,1.014,294,294,854475,854475,222960,222960
U1,c64,7,2,pinv_adjoint,289700,285058,1.016,292,292,808459,808459,222672,222672
U1,c64,7,2,exp_hermitian,238291,230475,1.034,252,253,522035,522083,132312,132360
U1,c64,7,2,exp_general,318666,302966,1.052,161,162,669173,669221,221830,221878
U1,c64,7,2,left_polar,336575,333350,1.010,372,371,973646,972398,270400,235416
U1,c64,7,2,right_polar,331141,327125,1.012,372,371,928206,926958,256960,235416
U1,c64,7,2,left_polar_adjoint,397958,391650,1.016,378,377,988022,986774,256960,235416
U1,c64,7,2,right_polar_adjoint,392283,385725,1.017,378,377,1033462,1032214,270400,235416
SU2,f64,7,2,pinv,1336541,1331391,1.004,827,827,5712437,5712437,1133280,1133280
SU2,f64,7,2,pinv_adjoint,1338358,1324350,1.011,825,825,5454581,5454581,1084352,1084352
SU2,f64,7,2,exp_hermitian,1343150,1297850,1.035,501,502,3380900,3380948,660624,660672
SU2,f64,7,2,exp_general,1402816,1385016,1.013,370,371,8058076,8058124,1030520,1030568
SU2,f64,7,2,left_polar,1525658,1561666,0.977,915,914,7003995,7002747,1390600,966920
SU2,f64,7,2,right_polar,1490966,1533916,0.972,915,914,6746715,6745467,1341960,918280
SU2,f64,7,2,left_polar_adjoint,2080616,2131791,0.976,921,920,7002883,7001635,1341960,918280
SU2,f64,7,2,right_polar_adjoint,2103016,2111041,0.996,921,920,7260163,7258915,1390600,966920
SU2,c64,7,2,pinv,3592175,3558500,1.009,876,876,34144106,34144106,2164987,2164987
SU2,c64,7,2,pinv_adjoint,3694733,3589241,1.029,874,874,33891242,33891242,2164699,2164699
SU2,c64,7,2,exp_hermitian,2728891,2842650,0.960,540,541,18051927,18051975,1470475,1470523
SU2,c64,7,2,exp_general,3816891,3738366,1.021,417,418,16305100,16305148,2059384,2059432
SU2,c64,7,2,left_polar,4187408,3986983,1.050,964,963,36718514,36717266,2675208,2185923
SU2,c64,7,2,right_polar,4173233,4152941,1.005,964,963,36466226,36464978,2675208,2185923
SU2,c64,7,2,left_polar_adjoint,4763858,4672408,1.020,970,969,36977882,36976634,2675208,2185923
SU2,c64,7,2,right_polar_adjoint,5013533,4816491,1.041,970,969,37230170,37228922,2675208,2185923
